-- MySQL dump 10.13  Distrib 5.6.4-m7, for Win64 (x86)
--
-- Host: localhost    Database: knowledge_engine
-- ------------------------------------------------------
-- Server version	5.6.4-m7

/*!40101 SET @OLD_CHARACTER_SET_CLIENT=@@CHARACTER_SET_CLIENT */;
/*!40101 SET @OLD_CHARACTER_SET_RESULTS=@@CHARACTER_SET_RESULTS */;
/*!40101 SET @OLD_COLLATION_CONNECTION=@@COLLATION_CONNECTION */;
/*!40101 SET NAMES utf8 */;
/*!40103 SET @OLD_TIME_ZONE=@@TIME_ZONE */;
/*!40103 SET TIME_ZONE='+00:00' */;
/*!40014 SET @OLD_UNIQUE_CHECKS=@@UNIQUE_CHECKS, UNIQUE_CHECKS=0 */;
/*!40014 SET @OLD_FOREIGN_KEY_CHECKS=@@FOREIGN_KEY_CHECKS, FOREIGN_KEY_CHECKS=0 */;
/*!40101 SET @OLD_SQL_MODE=@@SQL_MODE, SQL_MODE='NO_AUTO_VALUE_ON_ZERO' */;
/*!40111 SET @OLD_SQL_NOTES=@@SQL_NOTES, SQL_NOTES=0 */;

--
-- Table structure for table `department_lookup`
--

DROP TABLE IF EXISTS `department_lookup`;
/*!40101 SET @saved_cs_client     = @@character_set_client */;
/*!40101 SET character_set_client = utf8 */;
CREATE TABLE `department_lookup` (
  `dept_code` varchar(10) NOT NULL DEFAULT '',
  `dept_name` varchar(255) DEFAULT NULL,
  `dept_description` varchar(10000) DEFAULT NULL,
  PRIMARY KEY (`dept_code`)
) ENGINE=InnoDB DEFAULT CHARSET=latin1;
/*!40101 SET character_set_client = @saved_cs_client */;

--
-- Dumping data for table `department_lookup`
--

LOCK TABLES `department_lookup` WRITE;
/*!40000 ALTER TABLE `department_lookup` DISABLE KEYS */;
INSERT INTO `department_lookup` VALUES ('AE','Aerospace Engineering',''),('AM','Applied Mechanics',''),('AS','Aerospace Engineering',''),('BT','Biotechnology',''),('CA','Catalysis',''),('CE','Civil Engineering',''),('CH','Chemical Engineering',''),('CS','Computer Science and Engineering',''),('CV','Civil Engineering',''),('CY','Chemistry',''),('EC','Electrical Engineering',''),('ED','Engineering Design',''),('EE','Electrical Engineering',''),('EP','Engineering Physics',''),('HS','Humanities',''),('ID','Interdisciplinary',''),('IL','Industrial Lecture',''),('MA','Mathematics',''),('ME','Mechanical Engineering',''),('MM','Metallurgical and Materials Engineering',''),('MS','Management Studies',''),('MT','Metallurgical and Materials Engineering',''),('NE','Nuclear Engineering',''),('OE','Ocean Engineering',''),('PH','Physics','');
/*!40000 ALTER TABLE `department_lookup` ENABLE KEYS */;
UNLOCK TABLES;

--
-- Table structure for table `faculty`
--

DROP TABLE IF EXISTS `faculty`;
/*!40101 SET @saved_cs_client     = @@character_set_client */;
/*!40101 SET character_set_client = utf8 */;
CREATE TABLE `faculty` (
  `institute_id` int(5) NOT NULL,
  `faculty_name` varchar(255) NOT NULL,
  `designation` varchar(255) DEFAULT '',
  `dept_code` varchar(255) DEFAULT '',
  `photo_href` varchar(255) DEFAULT '',
  `faculty_email` varchar(255) NOT NULL,
  `qualifications` varchar(255) DEFAULT '',
  `research_field` varchar(255) DEFAULT '',
  `publications` varchar(255) DEFAULT '',
  `faculty_page` varchar(255) DEFAULT '',
  `Specialization` varchar(255) DEFAULT '',
  PRIMARY KEY (`faculty_email`),
  KEY `institute_id` (`institute_id`),
  KEY `dept_code` (`dept_code`),
  CONSTRAINT `faculty_ibfk_1` FOREIGN KEY (`institute_id`) REFERENCES `institute` (`institute_id`),
  CONSTRAINT `faculty_ibfk_2` FOREIGN KEY (`dept_code`) REFERENCES `department_lookup` (`dept_code`)
) ENGINE=InnoDB DEFAULT CHARSET=latin1;
/*!40101 SET character_set_client = @saved_cs_client */;

--
-- Dumping data for table `faculty`
--

LOCK TABLES `faculty` WRITE;
/*!40000 ALTER TABLE `faculty` DISABLE KEYS */;
INSERT INTO `faculty` VALUES (3,'Deepanjan Kesh','','CS','http://www.iitg.ernet.in/cse/wp-content/uploads/2012/03/deepkesh.jpeg','','','[]','[]','http://www.iitg.ernet.in/deepkesh/','[]'),(3,'Arijit Sur','Assistant Professor','CS','http://www.iitg.ernet.in/cse/wp-content/uploads/2011/02/arijit.jpeg',' arijit @ iitg.ernet.in','','[u\' Information Hiding: Steganography and Steganalysis. Multimedia Security: Image and Video Watermarking. Network Security: Intrusion Detection System and Network Steganography\']','[]','http://www.iitg.ernet.in/arijit/','[]'),(3,'Arnab Sarkar','Assistant Professor','CS','http://www.iitg.ernet.in/cse/wp-content/uploads/2012/11/arnabsarkar.jpeg',' arnabsarkar @ iitg.ernet.in','','[u\' Real-Time and Embedded Systems\', u\' Computer\']','[]','http://www.iitg.ernet.in/arnabsarkar/','[]'),(3,'Aryabartta Sahu','Assistant Professor','CS','http://www.iitg.ernet.in/cse/wp-content/uploads/2011/02/asahu.jpeg',' asahu @ iitg.ernet.in','','[u\' Advance Computer Architecture\', u\' Multicore Parallel Programming and Compiling\', u\' Embedded System\', u\' VLSI and FPGA Design\']','[]','http://www.iitg.ernet.in/asahu/','[]'),(3,'Amit Awekar','Assistant Professor','CS','http://www.iitg.ernet.in/cse/wp-content/uploads/2011/02/awekar.jpeg',' awekar @ iitg.ernet.in','','[u\' Data Mining\']','[]','http://www.iitg.ernet.in/awekar/','[]'),(3,'Benny George K','Assistant Professor','CS','http://www.iitg.ernet.in/cse/wp-content/uploads/2011/02/ben.jpeg',' ben @ iitg.ernet.in','','[u\' Word combinatorics\', u\' algorithms and combinatorics\']','[]','http://www.iitg.ernet.in/ben/','[]'),(3,'Diganta Goswami','Professor','CS','http://www.iitg.ernet.in/cse/wp-content/uploads/2011/02/dgoswami.jpeg',' dgoswami @ iitg.ernet.in','','[u\' Distributed Systems\', u\' Software Engineering\']','[]','http://www.iitg.ernet.in/dgoswami/','[]'),(3,'Gautam Barua','Professor','CS','http://www.iitg.ernet.in/cse/wp-content/uploads/2011/02/gb.jpeg',' gb @ iitg.ernet.in','','[u\' Operating Systems\', u\' Distributed Systems\', u\' Networks\', u\' Database Management Systems\']','[]','http://www.iitg.ernet.in/gb/','[]'),(3,'Hemangee Kalpesh Kapoor','Associate Professor','CS','http://www.iitg.ernet.in/cse/wp-content/uploads/2011/02/hemangee.jpeg',' hemangee @ iitg.ernet.in','','[u\' Multiprocessor Computer Architecture\', u\' Formal Methods\', u\' Network-on-Chip design\', u\' Asynchronous systems\']','[]','http://www.iitg.ernet.in/hemangee/','[]'),(3,'Jatindra Kr. Deka','Associate Professor','CS','http://www.iitg.ernet.in/cse/wp-content/uploads/2011/02/jatin.jpeg',' jatin @ iitg.ernet.in','','[u\' Formal Verification\', u\' VLSI Design\']','[]','http://www.iitg.ernet.in/jatin/','[]'),(3,'Purandar Bhaduri','Associate Professor','CS','http://www.iitg.ernet.in/cse/wp-content/uploads/2011/02/pbhaduri.jpeg',' pbhaduri @ iitg.ernet.in','','[u\' Formal Modelling\', u\' Synthesis and Verification of Embedded Systems\']','[]','http://www.iitg.ernet.in/pbhaduri/','[]'),(3,'Pinaki Mitra','Associate Professor','CS','http://www.iitg.ernet.in/cse/wp-content/uploads/2011/02/pinaki.jpeg',' pinaki @ iitg.ernet.in','','[u\' Computational Geometry\', u\' Parallel Algorithms\', u\' Randomized Algorithms\', u\' Optimization\']','[]','http://www.iitg.ernet.in/pinaki/','[]'),(3,'Pradip Kr. Das','Associate Professor','CS','http://www.iitg.ernet.in/cse/wp-content/uploads/2011/02/pkdas.jpeg',' pkdas @ iitg.ernet.in','','[u\' Digital Signal Processing\', u\' Speech Processing\', u\' Man-Machine Intelligence Systems\']','[]','http://www.iitg.ernet.in/pkdas/','[]'),(3,'Sanasam Ranbir Singh','Assistant Professor','CS','http://www.iitg.ernet.in/cse/wp-content/uploads/2011/02/ranbir.jpeg',' ranbir @ iitg.ernet.in','','[u\' Web Search Engine\', u\' Machine Learning\', u\' Information Retrieval\', u\' Data Mining especially in the area of Web Search Engine\']','[]','http://www.iitg.ernet.in/ranbir/','[]'),(3,'R. Inkulu','Assistant Professor','CS','http://www.iitg.ernet.in/cse/wp-content/uploads/2011/02/rinkulu.jpeg',' rinkulu @ iitg.ernet.in','','[u\' Algorithms\']','[]','http://www.iitg.ernet.in/rinkulu/','[]'),(3,'G. Sajith','Associate Professor','CS','http://www.iitg.ernet.in/cse/wp-content/uploads/2011/02/sajith.jpeg',' sajith @ iitg.ernet.in','','[u\' Parallel and Distributed Algorithms\', u\' External Memory Algorithms\', u\' Complexity Theory\', u\' Mobile Computing\']','[]','http://www.iitg.ernet.in/sajith/','[]'),(3,'Samit Bhattacharya','Assistant Professor','CS','http://www.iitg.ernet.in/cse/wp-content/uploads/2011/02/samit.jpeg',' samit @ iitg.ernet.in','','[u\' Human Computer Interaction\', u\' User Modeling\', u\' Model Based Evaluation of Interactive Systems\', u\' Rehabilitation Engineering\']','[]','http://www.iitg.ernet.in/samit/','[]'),(3,'Santosh Biswas','Assistant Professor','CS','http://www.iitg.ernet.in/cse/wp-content/uploads/2011/02/santosh_biswas.jpeg',' santosh_biswas @ iitg.ernet.in','','[u\' Networking\', u\' Fault Tolerance\', u\' VLSI Testing\', u\' Embedded Systems\']','[]','http://www.iitg.ernet.in/santosh_biswas/','[]'),(3,'V. Vijaya Saradhi','Assistant Professor','CS','http://www.iitg.ernet.in/cse/wp-content/uploads/2011/02/saradhi.jpeg',' saradhi @ iitg.ernet.in','','[u\' Machine Learning\', u\' Kernel Methods\', u\' Data Mining and their applications\']','[]','http://www.iitg.ernet.in/saradhi/','[]'),(3,'Saswata Shannigrahi','Assistant Professor and Ramanujan fellow','CS','http://www.iitg.ernet.in/cse/wp-content/uploads/2011/11/saswata.sh.jpeg',' saswata.sh @ iitg.ernet.in','','[u\' Data structures and Algorithms\', u\' Combinatorial Geometry\', u\' Analysis of Social Networks.\']','[]','http://www.iitg.ernet.in/saswata.sh/','[]'),(3,'Shivashankar B. Nair','Professor and Head','CS','http://www.iitg.ernet.in/cse/wp-content/uploads/2011/02/sbnair.jpeg',' sbnair @ iitg.ernet.in','','[u\' Artificial Intelligence\', u\' Intelligent and Bio-Inspired Robotics\', u\' Emotional Robots\', u\' Mobile Agent based systems\', u\' Artificial Immune Systems\', u\' Cyber-physical Systems\', u\' Natural Language Processing\', u\' Genetic Algorithms\', u\' Fuzzy Sys','[]','http://www.iitg.ernet.in/sbnair/','[]'),(3,'Sandipan Dandapat','Assistant Professor','CS','http://www.iitg.ernet.in/cse/wp-content/uploads/2013/02/sdandapat.jpeg',' sdandapat @ iitg.ernet.in','','[u\' Machine Translation\', u\' Natural Language Processing\', u\' Machine Learning\']','[]','http://www.iitg.ernet.in/sdandapat/','[]'),(3,'Sukumar Nandi','Professor','CS','http://www.iitg.ernet.in/cse/wp-content/uploads/2011/02/sukumar.jpeg',' sukumar @ iitg.ernet.in','','[u\' Networks (Specially: QoS\', u\' Wireless Networks)\', u\' Computer and Network Security\', u\' VLSI\']','[]','http://www.iitg.ernet.in/sukumar/','[]'),(3,'Sushanta Karmakar','Assistant Professor','CS','http://www.iitg.ernet.in/cse/wp-content/uploads/2011/02/sushantak.jpeg',' sushantak @ iitg.ernet.in','','[u\' Distributed algorithms\', u\' fault-tolerance\', u\' distributed algorithms for ad hoc and sensor networks\']','[]','http://www.iitg.ernet.in/sushantak/','[]'),(3,'S. V. Rao','Associate Professor','CS','http://www.iitg.ernet.in/cse/wp-content/uploads/2011/02/svrao.jpeg',' svrao @ iitg.ernet.in','','[u\' Computational Geometry and Its Applications\']','[]','http://www.iitg.ernet.in/svrao/','[]'),(3,'T. Venkatesh','Assistant Professor','CS','http://www.iitg.ernet.in/cse/wp-content/uploads/2011/02/t.venkat.jpeg',' t.venkat @ iitg.ernet.in','','[u\' Computer Networks\']','[]','http://www.iitg.ernet.in/t.venkat/','[]'),(1,'Ashutosh Suresh Gandhi','ASP','MM','http://photos.iitm.ac.in/byid.php?id=008240','a.s.gandhi@iitm.ac.in','','[u\'Science of Ceramics\', u\'High Temperature Protective Coatings (environmental and thermal barrier coatings)\', u\'Materials for Energy Systems (solid oxide fuel cells, SOFCxe2u20acu2122s)\', u\'Phase Stability &amp; Transformations\', u\'Oxidation\', u\'Surface ','\"\"','http://www.iitm.ac.in/fsportal//iitmsite/fac/008240','\"\"'),(2,'Ajit A Diwan','','CS','','aad@cs.iitb.ac.in','','[u\' Algorithms\', u\' Theoretical Computer Science\']','\"\"','http://www.cse.iitb.ac.in/~aad','\"\"'),(1,'Arockiarajan A','ASP','AM','http://photos.iitm.ac.in/byid.php?id=008313','aarajan@iitm.ac.in','','[u\'Smart composites\', u\'Ferroelectrics\', u\'Electro-active polymers\', u\'Material modeling\', u\'Experimental characterization\']','\"\"','http://www.iitm.ac.in/fsportal//iitmsite/fac/008313','\"\"'),(1,'Abhijit Chaudhuri','AP','AM','http://photos.iitm.ac.in/byid.php?id=008446','abhijit.chaudhuri@iitm.ac.in','','[u\'Water waves\', u\'Modeling of couple processes in geothermal system\', u\'Flow and transport in heterogeneous porous media\']','\"\"','http://www.iitm.ac.in/fsportal//iitmsite/fac/008446','\"\"'),(1,'Abhijit Deshpande P','Prof','CH','http://photos.iitm.ac.in/byid.php?id=000354','abhijit@iitm.ac.in','','[u\'Polymeric materials, ionic polymers, rheology, composite processing\']','\"\"','http://www.iitm.ac.in/fsportal//iitmsite/fac/000354','\"\"'),(1,'Santhosh Abraham','AP','HS','http://photos.iitm.ac.in/byid.php?id=008556','abraham@iitm.ac.in','','[u\'\']','\"\"','http://www.iitm.ac.in/fsportal//iitmsite/fac/008556','\"\"'),(1,'Amitava Das Gupta','Prof','EE','http://photos.iitm.ac.in/byid.php?id=002385','adg@iitm.ac.in','','[u\'\']','\"\"','http://www.iitm.ac.in/fsportal//iitmsite/fac/002385','\"\"'),(2,'Bharat Adsul','','CS','','adsul@cs.iitb.ac.in','','[u\' Formal methods in Concurrency\', u\' Logics and Games\', u\' Geometric Complexity Theory\']','\"\"','http://www.cse.iitb.ac.in/~adsul','\"\"'),(3,'Anjan Dutta','','CV','http://www.iitg.ac.in/civil/fac_images/Anjan_Dutta.jpg','adutta@iitg.ernet.in','','[u\'Areas of Interest:\', u\'Finite Element Mesh Generation\', u\'Optimization\', u\'Control, Health Monitoring and Retrofitting of structures\']','[]','http://www.iitg.ac.in/adutta/','Structural Engineering'),(2,'Vivek  Agarwal','','EE','http://www.ee.iitb.ac.in/web//images/vivekagarwal.jpg','agarwal@ee.iitb.ac.in','','[u\' Power conversion: New converter topologies\', u\' High frequency link power conversion\', u\' ZCS-ZVS configurations\', u\' Switched Capacitor DC-DC converters\', u\' Power quality issues: Power factor correction techniques\', u\' Static VAR compensation\', u\' A','\"\"','http://www.ee.iitb.ac.in/web/faculty/homepage/agarwal','\"\"'),(1,'Gopala Krishna A','ASP','BT','http://photos.iitm.ac.in/byid.php?id=008146','agk@iitm.ac.in','','[u\'G-Protein Coupled Receptor (GPCR) mediated signal transduction pathways, mechanism of G protein activation, membrane protein biochemistry, protein structure-function, protein folding.\']','\"\"','http://www.iitm.ac.in/fsportal//iitmsite/fac/008146','\"\"'),(2,'Ajit Rajwade','','CS','','ajitvr@cs.iitb.ac.in','','[u\' Image Processing\', u\' Computer Vision\', u\' Image Restoration\', u\' Image Compression\', u\' Probability Density Estimation\', u\' Bayesian Methods\', u\' Compressive Sensing and Matrix Completion\']','\"\"','http://www.cse.iitb.ac.in/~ajitvr','\"\"'),(1,'Jayakrishnan A','Prof','BT','http://photos.iitm.ac.in/byid.php?id=008281','ajk@iitm.ac.in','','[u\'\']','\"\"','http://www.iitm.ac.in/fsportal//iitmsite/fac/008281','\"\"'),(1,'Shaiju A J','AP','MA','http://photos.iitm.ac.in/byid.php?id=008354','ajshaiju@iitm.ac.in','','[u\'Systems and Control Theory\', u\'Game Theory\']','\"\"','http://www.iitm.ac.in/fsportal//iitmsite/fac/008354','\"\"'),(3,'Arup K. Sarma','','CV','http://www.iitg.ac.in/civil/fac_images/Arup_K_Sarma.jpg','aks@iitg.ernet.in','','[u\'Areas of Interest:\', u\'Modeling &amp; simulation in Free Surface Flow\', u\'Heuristic Method in Reservoir Optimization\', u\'GIS based Watershed Modeling\']','[]','http://www.iitg.ac.in/aks/','Water Resources and Hydraulic Engineering'),(2,'Akshay S.','','CS','','akshayss@cs.iitb.ac.in','','[u\' Formal methods\']','\"\"','http://www.cse.iitb.ac.in/~akshayss','\"\"'),(2,'Ajit Kumar Verma','','EE','http://www.ee.iitb.ac.in/web//images/prof.akv_photo_.jpg','akv@ee.iitb.ac.in','','[u\' Reliability in Engineering Design\nSoftware Reliability\nDesign and Analysis of Fault Tolerant Systems\nPhysics of Failures\nPSA\nRBI\nPower System Reliability.\']','\"\"','http://www.ee.iitb.ac.in/web/faculty/homepage/akv','\"\"'),(1,'Amal Kanti','ASP','BT','http://photos.iitm.ac.in/byid.php?id=008220','amal@iitm.ac.in','','[u\'\']','\"\"','http://www.iitm.ac.in/fsportal//iitmsite/fac/008220','\"\"'),(1,'Amitava Ghosh','AP','ME','http://photos.iitm.ac.in/byid.php?id=008346','amitava_g@iitm.ac.in','','[u\'cBN grinding technology\', u\'Development of single layer abrasive tools\', u\'High efficiency deep grinding of exotic materials\', u\'Application of hard and soft tribo coating on cutting tools\', u\'Environment friendly machining\', u\'metal-ceramic joining\']','\"\"','http://www.iitm.ac.in/fsportal//iitmsite/fac/008346','\"\"'),(1,'Amit Kumar','ASP','AE','http://photos.iitm.ac.in/byid.php?id=008211','amitk@iitm.ac.in','','[u\'\']','\"\"','http://www.iitm.ac.in/fsportal//iitmsite/fac/008211','\"\"'),(3,'Amit Shelke','','CV','http://www.iitg.ac.in/civil/fac_images/Amit_Shelke.jpg','amitsh@iitg.ernet.in','','[u\'Areas of Interest:\', u\'Ultrasonic wave propagation\', u\'Acoustic-Impact detection\', u\'Non-destructive testing\']','[]','http://www.iitg.ac.in/amitsh/','Structural Engineering'),(1,'Anurag Mittal','ASP','CS','http://photos.iitm.ac.in/byid.php?id=008229','amittal@iitm.ac.in','','[u\'\']','\"\"','http://www.iitm.ac.in/fsportal//iitmsite/fac/008229','\"\"'),(1,'Amlan K Sengupta','ASP','CE','http://photos.iitm.ac.in/byid.php?id=008101','amlan@iitm.ac.in','','[u\'1) Behaviour of reinforced and prestressed concrete members\', u\'2)	Experimental investigation of reinforced concrete members\', u\'3) Analysis, design and seismic retrofit of buildings\', u\'4) Earthquake engineering as applicable to building design\', u\'5)','\"\"','http://www.iitm.ac.in/fsportal//iitmsite/fac/008101','\"\"'),(3,'A. Murali Krishna','','CV','http://www.iitg.ac.in/civil/fac_images/Adapa_Muralikrishna.jpg','amurali@iitg.ernet.in','','[u\'Areas of Interest:\', u\'Soil Investigation\', u\'Reinforced Soil Structures\', u\'Geosynthetics and Ground Improvement\', u\'Earthquake Geotechnical Engineering\']','[]','http://www.iitg.ac.in/amurali/','Geotechnical Engineering'),(1,'Anand T N C','AP','ME','http://photos.iitm.ac.in/byid.php?id=008444','anand@iitm.ac.in','','[u\'Computational Fluid Dynamics (CFD)\', u\'Laser-based Diagnostics of Sprays and Combustion\', u\'I. C. Engines\']','\"\"','http://www.iitm.ac.in/fsportal//iitmsite/fac/008444','\"\"'),(1,'Anantha Sundararajan','AP','MS','http://photos.iitm.ac.in/byid.php?id=V00092','ananthas@iitm.ac.in','','[u\'\']','\"\"','http://www.iitm.ac.in/fsportal//iitmsite/fac/V00092','\"\"'),(1,'Ananth Krishnan','AP','EE','http://photos.iitm.ac.in/byid.php?id=008439','ananthk@iitm.ac.in','','[u\'\']','\"\"','http://www.iitm.ac.in/fsportal//iitmsite/fac/008439','\"\"'),(1,'Anbarasan P','AP','CY','http://photos.iitm.ac.in/byid.php?id=008511','anbarasansp@iitm.ac.in','','[u\'Transannulation to N-heterocycles\', u\'Fluorination and Trifluoromethylation\', u\'Activation and functionalization of strong bonds\', u\'Development of new Brxc3xb8nsted acids\', u\'Synthesis of natural products\', u\'Conversion of sugar and carbon dioxide to ','\"\"','http://www.iitm.ac.in/fsportal//iitmsite/fac/008511','\"\"'),(2,'Arun N. Chandorkar','','EE','http://www.ee.iitb.ac.in/web//images/anc.jpg','anc @ee.iitb.ac.in','','[u\' Analog and Mixed signal VLSI Design\', u\' Ultra-Thin Gate insulators for VLSI Technologies\', u\' Ultra-Thin Gate insulators for VLSI Technologies\', u\' RF VLSI Design\', u\' Radiation Hard MOS Technologies\', u\' Communication/DSP based System and chip Desig','\"\"','http://www.ee.iitb.ac.in/web/faculty/homepage/anc ','\"\"'),(1,'Andrew Thangaraj','ASP','EE','http://photos.iitm.ac.in/byid.php?id=008172','andrew@iitm.ac.in','','[u\'Coding Theory\', u\'Information-theoretic Security\', u\'Information Theory\']','\"\"','http://www.iitm.ac.in/fsportal//iitmsite/fac/008172','\"\"'),(1,'Aniruddhan S','AP','EE','http://photos.iitm.ac.in/byid.php?id=008480','ani@iitm.ac.in','','[u\'RF Integrated Circuit Design\']','\"\"','http://www.iitm.ac.in/fsportal//iitmsite/fac/008480','\"\"'),(2,'Anil  Kulkarni','','EE','http://www.ee.iitb.ac.in/web//images/anil.jpg','anil@ee.iitb.ac.in','','[u\' Power System Dynamics and Control\', u\' Application of Power Electronics to Power Systems\', u\' Flexible AC Transmission Systems\', u\' HVDC Transmission Systems.\']','\"\"','http://www.ee.iitb.ac.in/web/faculty/homepage/anil','\"\"'),(2,'Anil  Kottantharayil','','EE','http://www.ee.iitb.ac.in/web//images/anilkg.jpg','anilkg@ee.iitb.ac.in','','[u\' CMOS device physics\', u\' design and modelling\', u\' Materials for advanced CMOS devices    CMOS device physics\', u\' design and modelling\', u\' Materials for advanced CMOS devices\', u\' Electrical characterization\', u\' Gate oxide reliability and hot-carri','\"\"','http://www.ee.iitb.ac.in/web/faculty/homepage/anilkg','\"\"'),(3,'Anil Kumar Mishra','','CV','http://www.iitg.ac.in/civil/fac_images/Anil_Kumar_Mishra.JPG','anilmishra@iitg.ernet.in','','[u\'Areas of Interest:\', u\'Chemical compatibility studies of soil-bentonite mixtures\', u\'Waste (municipal, industrial and hazardous) management and disposal\', u\'Unsaturated soil mechanics\']','[]','http://www.iitg.ac.in/anilmishra/','Geotechnical Engineering'),(1,'Anil Prabhakar','Prof','EE','http://photos.iitm.ac.in/byid.php?id=008074','anilpr@iitm.ac.in','','[u\'Optics\', u\'Photonics\', u\'Lasers\', u\'Magnetism\', u\'Magnonics\', u\'Alternative &amp; Augmentative Communication (AAC)\', u\'Bioengineering\', u\'\']','\"\"','http://www.iitm.ac.in/fsportal//iitmsite/fac/008074','\"\"'),(2,'Animesh  Kumar','','EE','http://www.ee.iitb.ac.in/web//images/animesh.jpg','animesh@ee.iitb.ac.in','','[u\' Signal processing\', u\'  communication systems\', u\'  applied statistics\', u\'  SRAM reliability models.\']','\"\"','http://www.ee.iitb.ac.in/web/faculty/homepage/animesh','\"\"'),(1,'Anjan Chakravorthy','ASP','EE','http://photos.iitm.ac.in/byid.php?id=008274','anjan@iitm.ac.in','','[u\'LDMOS Modeling\', u\'SiGe HBT\', u\'Modeling of Nano FET\']','\"\"','http://www.iitm.ac.in/fsportal//iitmsite/fac/008274','\"\"'),(1,'Anju Chadha','Prof','BT','http://photos.iitm.ac.in/byid.php?id=005010','anjuc@iitm.ac.in','','[u\'Enzyme Mechanisms\', u\'Biocatalysis\', u\'Biosensors\', u\'Biodiesel\', u\'Green Chemistry\']','\"\"','http://www.iitm.ac.in/fsportal//iitmsite/fac/005010','\"\"'),(1,'Rajagopalan A N','Prof','EE','http://photos.iitm.ac.in/byid.php?id=005001','anraju@iitm.ac.in','','[u\'\']','\"\"','http://www.iitm.ac.in/fsportal//iitmsite/fac/005001','\"\"'),(1,'Anuradha Banerjee','AP','AM','http://photos.iitm.ac.in/byid.php?id=008205','anuban@iitm.ac.in','','[u\'Elasticity Plasticity\', u\'Fracture Mechanics\', u\'Fatigue\', u\'Composites\']','\"\"','http://www.iitm.ac.in/fsportal//iitmsite/fac/008205','\"\"'),(1,'Anup Kumar Bhandari','AP','HS','http://photos.iitm.ac.in/byid.php?id=008574','anup@iitm.ac.in','','[u\'\']','\"\"','http://www.iitm.ac.in/fsportal//iitmsite/fac/008574','\"\"'),(1,'Baburaj A P','ASP','AM','http://photos.iitm.ac.in/byid.php?id=008214','apbraj@iitm.ac.in','','[u\'Near wall phenomena in turbulent convection, Interfacial phenomena,Transport across membranes.\']','\"\"','http://www.iitm.ac.in/fsportal//iitmsite/fac/008214','\"\"'),(2,'Prakash  Apte','','EE','http://www.ee.iitb.ac.in/web//images/apte.jpg','apte@ee.iitb.ac.in','','[u\' MicroElectroMechanical Systems(MEMS)\', u\' Quality and Reliability\', u\' Taguchi and TRIZ Methodologies.\']','\"\"','http://www.ee.iitb.ac.in/web/faculty/homepage/apte','\"\"'),(1,'Ramesh A','Prof','ME','http://photos.iitm.ac.in/byid.php?id=002543','aramesh@iitm.ac.in','','[u\'\']','\"\"','http://www.iitm.ac.in/fsportal//iitmsite/fac/002543','\"\"'),(1,'Aravind R','Prof','EE','http://photos.iitm.ac.in/byid.php?id=002382','aravind@iitm.ac.in','','[u\'\']','\"\"','http://www.iitm.ac.in/fsportal//iitmsite/fac/002382','\"\"'),(1,'Balakrishnan A R','Prof','CH','http://photos.iitm.ac.in/byid.php?id=002652','arbala@iitm.ac.in','','[u\'Boiling of Multicomponent Mixtures\', u\'Flow Boiling Heat transfer in Conventional and Mini/Microchannels\', u\'Thermodynamics of Azeotropic Mixtures\']','\"\"','http://www.iitm.ac.in/fsportal//iitmsite/fac/002652','\"\"'),(1,'Archita Patnaik','Prof','CY','http://photos.iitm.ac.in/byid.php?id=002521','archita@iitm.ac.in','','[u\'Broad Area: Physical Chemistry\', u\'Colloids and Interfaces, 2D Phases and Molecular Order in Anisotropic Monolayers, Real-time FT- IRRAS Spectroscopy and Quatification of Molecular Order\', u\'Tailored Molecular Self-assembly in Functional Amphiphiles, A','\"\"','http://www.iitm.ac.in/fsportal//iitmsite/fac/002521','\"\"'),(1,'Ganesan A  R','ASP','PH','http://photos.iitm.ac.in/byid.php?id=008250','arg@iitm.ac.in','','[u\'Applied Optics, Biomedical Optics, nanolithography, Adaptive Optics and Vision Science\']','\"\"','http://www.iitm.ac.in/fsportal//iitmsite/fac/008250','\"\"'),(1,'Arijit Dev','AP','MA','http://photos.iitm.ac.in/byid.php?id=008443','arijit@iitm.ac.in','','[u\'Algebraic Geometry.\']','\"\"','http://www.iitm.ac.in/fsportal//iitmsite/fac/008443','\"\"'),(3,'Arindam Dey','','CV','http://www.iitg.ac.in/civil/fac_images/Arindam_Dey.JPG','arindam.dey@iitg.ernet.in','','[u\'Areas of Interest:\', u\'Geosynthetic Reinforced Foundation Beds\', u\'Geotechnical Lumped Parameter and Continuum Mechanics Modeling\', u\'Parameter Estimation of Geotechnical Models\', u\'Optimization, GA, ANN and Soft Computing in Geotechnical Engineering\',','[]','http://www.iitg.ac.in/arindam.dey/','Geotechnical Engineering'),(1,'Dali Naidu Arnepalli','AP','CE','http://photos.iitm.ac.in/byid.php?id=008347','arnepalli@iitm.ac.in','','[u\'Carbon Geosequestration\', u\'Geosynthetics and Their Applications in Civil Infrastructure and and Environmental Projects\', u\'Design of Waste Disposal Facilities (Engineered Landfills)\', u\'Geoenvironmental Engineering\', u\'Unsaturated Behaviour of Geomate','\"\"','http://www.iitm.ac.in/fsportal//iitmsite/fac/008347','\"\"'),(1,'Arshinder Kaur','AP','MS','http://photos.iitm.ac.in/byid.php?id=008325','arshinder@iitm.ac.in','','[u\'Supply Chain Contracts and Coordination\', u\'Inventory Control\', u\'Closed Loop Supply Chain, Service Operations\']','\"\"','http://www.iitm.ac.in/fsportal//iitmsite/fac/008325','\"\"'),(1,'Arti Dua','ASP','CY','http://photos.iitm.ac.in/byid.php?id=008271','arti@iitm.ac.in','','[u\'Stochastic Processes in Chemistry and Biology\', u\'Statistical Mechanics of Polymers and Biopolymers\', u\'Stochastic Chemical Kinetics\', u\'Biophysical Chemistry\']','\"\"','http://www.iitm.ac.in/fsportal//iitmsite/fac/008271','\"\"'),(1,'Arul Lakshminarayan','Prof','PH','http://photos.iitm.ac.in/byid.php?id=008128','arul@iitm.ac.in','','[u\'Statistical Mechanics\', u\'Quantum Computing\', u\'Hamiltonian Chaos\', u\'Quantum Chaos\', u\'Quantum Information\']','\"\"','http://www.iitm.ac.in/fsportal//iitmsite/fac/008128','\"\"'),(1,'Arul Prakash K','AP','AM','http://photos.iitm.ac.in/byid.php?id=008322','arulk@iitm.ac.in','','[u\'Computational Fluid Dynamics and Heat Transfer\', u\'Large Eddy Simulation and Related Techniques\', u\'Thermal Hydraulics\', u\'Parallel Computing\']','\"\"','http://www.iitm.ac.in/fsportal//iitmsite/fac/008322','\"\"'),(1,'Arul Jayachandran S','ASP','CE','http://photos.iitm.ac.in/byid.php?id=008436','aruls@iitm.ac.in','','[u\'Advanced analysis and design of steel structures\', u\'Computational Structural Stability\', u\'Glass Structural Engineering\']','\"\"','http://www.iitm.ac.in/fsportal//iitmsite/fac/008436','\"\"'),(3,'Arunasis Chakraborty','','CV','http://www.iitg.ac.in/civil/fac_images/Arunasis_Chakraborty.jpg','arunasis@iitg.ernet.in','','[u\'Areas of Interest:\', u\'Dynamic and Random Vibration\', u\'System identification and damage detection\', u\'Wavelet analysis\']','[]','http://www.iitg.ac.in/arunasis/','Structural Engineering'),(1,'Arun Tangirala K','ASP','CH','http://photos.iitm.ac.in/byid.php?id=008218','arunkt@iitm.ac.in','','[u\'Fuel Cell Systems Engineering\', u\'Process Control &amp; Identification\', u\'Process Monitoring / Fault Detection &amp; Diagnosis\', u\'Time-Frequency Analysis of Processes\', u\'Multivariate Data Analysis\']','\"\"','http://www.iitm.ac.in/fsportal//iitmsite/fac/008218','\"\"'),(1,'Arun Menon','AP','CE','http://photos.iitm.ac.in/byid.php?id=008405','arunmenon@iitm.ac.in','','[u\'Structural restoration of historical or monumental structures\', u\'Seismic response of masonry structures\', u\'Seismic assessment of existing structures\', u\'Experimental investigations on historical structures\']','\"\"','http://www.iitm.ac.in/fsportal//iitmsite/fac/008405','\"\"'),(1,'Arunn Narasimhan','ASP','ME','http://photos.iitm.ac.in/byid.php?id=008153','arunn@iitm.ac.in','','[u\'Convection Heat Transfer\', u\'Heat Transfer and Fluid Flow in Porous Media\', u\'Heat Transfer and Fluid Flow in Biological Systems\']','\"\"','http://www.iitm.ac.in/fsportal//iitmsite/fac/008153','\"\"'),(1,'Arun Pachai Kannu','AP','EE','http://photos.iitm.ac.in/byid.php?id=008424','arunpachai@iitm.ac.in','','[u\'Information Theory, Compressive Sensing, Cellular Networks\']','\"\"','http://www.iitm.ac.in/fsportal//iitmsite/fac/008424','\"\"'),(1,'Arunkumar D Mahindrakar','ASP','EE','http://photos.iitm.ac.in/byid.php?id=008245','arun_dm@iitm.ac.in','','[u\'Nonlinear control with applications to Robotics\']','\"\"','http://www.iitm.ac.in/fsportal//iitmsite/fac/008245','\"\"'),(3,'Arbind K. Singh','','CV','http://www.iitg.ac.in/civil/fac_images/Arbind_K_Singh.jpg','arvind@iitg.ernet.in','','[u\'Areas of Interest:\', u\'Information Technology in Construction Engineering\', u\'Object-Oriented Programming\', u\'Constitutive modeling\']','[]','http://www.iitg.ac.in/arvind/','Computational Mechanics, IT in Construction Management'),(1,'Arvind Pattamatta','AP','ME','http://photos.iitm.ac.in/byid.php?id=008440','arvindp@iitm.ac.in','','[u\'Nanoscale Energy Transport\', u\'Computational Fluid Dynamics and Heat Transfer\', u\'Turbulence Modeling and Simulations\', u\'Parallel and Scientific Computing\']','\"\"','http://www.iitm.ac.in/fsportal//iitmsite/fac/008440','\"\"'),(2,'Amitabha Sanyal','','CS','','as@cs.iitb.ac.in','','[u\' Functional Programming\', u\' Compilers\', u\' and Programming Languages\']','\"\"','http://www.cse.iitb.ac.in/~as','\"\"'),(1,'Abhijit Sarkar','AP','ME','http://photos.iitm.ac.in/byid.php?id=008418','asarkar@iitm.ac.in','','[u\'Vibration\', u\'Acoustics\', u\'Asymptotic Methods\', u\'Computational Methods\']','\"\"','http://www.iitm.ac.in/fsportal//iitmsite/fac/008418','\"\"'),(1,'Ashis Kumar Sen','AP','ME','http://photos.iitm.ac.in/byid.php?id=008509','ashis@iitm.ac.in','','[u\'Microfluidics and Microsystems\', u\'Thermo fluid sciences\', u\'Fluid Mechanics and Heat Transfer\', u\'Energy and Environment\']','\"\"','http://www.iitm.ac.in/fsportal//iitmsite/fac/008509','\"\"'),(1,'Jhunjhunwala Ashok','Prof','EE','http://photos.iitm.ac.in/byid.php?id=002397','ashok@iitm.ac.in','','[u\'\']','\"\"','http://www.iitm.ac.in/fsportal//iitmsite/fac/002397','\"\"'),(2,'Anshuman  Shukla','','EE','http://www.ee.iitb.ac.in/web//images/ashukla.jpg','ashukla@ee.iitb.ac.in','','[u\' Multilevel converters and Modulation and control of power electronic converters\', u\' \n\nPower electronics applications in power systems (FACTS\', u\' HVDC\', u\' custom power devices\', u\' etc.)\', u\' \n\nRenewable energies and Energy storage\', u\' \n\nControl of','\"\"','http://www.ee.iitb.ac.in/web/faculty/homepage/ashukla','\"\"'),(2,'Ashwin A. Tulapurkar','','EE','http://www.ee.iitb.ac.in/web//images/ashwin.jpg','ashwin @ee.iitb.ac.in','','[u\' Spintronics\', u\' \nPhysics of nano-devices\', u\' \nSpin-current induced magnetization switching\', u\' \nRF properties of spintronic devices\', u\' \nNoise\', u\' \nThermoelectric effects (looking for a good Ph.D. student in this area).\']','\"\"','http://www.ee.iitb.ac.in/web/faculty/homepage/ashwin ','\"\"'),(1,'Arindama Singh','Prof','MA','http://photos.iitm.ac.in/byid.php?id=002603','asingh@iitm.ac.in','','[u\'Numerical Analysis\', u\'Theoretical Computer Science\']','\"\"','http://www.iitm.ac.in/fsportal//iitmsite/fac/002603','\"\"'),(1,'Asokan Thondiyath','ASP','ED','http://photos.iitm.ac.in/byid.php?id=008242','asok@iitm.ac.in','','[u\'Robotics\', u\'Mechatronics\', u\'Control\', u\'Electro Hydraulic Servo Systems\', u\'Pneumatic Systems\']','\"\"','http://www.iitm.ac.in/fsportal//iitmsite/fac/008242','\"\"'),(1,'Alagusundaramoorthy P','Prof','CE','http://photos.iitm.ac.in/byid.php?id=005034','aspara0@iitm.ac.in','','[u\'\']','\"\"','http://www.iitm.ac.in/fsportal//iitmsite/fac/005034','\"\"'),(1,'Seshadri Sekhar A','Prof','ME','http://photos.iitm.ac.in/byid.php?id=008255','as_sekhar@iitm.ac.in','','[u\'\']','\"\"','http://www.iitm.ac.in/fsportal//iitmsite/fac/008255','\"\"'),(1,'John Ebenezer Augustine','AP','CS','http://photos.iitm.ac.in/byid.php?id=008500','augustine@iitm.ac.in','','[u\'Algorithms at large. More recently focussing on distributed algorithms and algorithms for large dynamic environments.\']','\"\"','http://www.iitm.ac.in/fsportal//iitmsite/fac/008500','\"\"'),(1,'Veeraragavan A','Prof','CE','http://photos.iitm.ac.in/byid.php?id=008165','av@iitm.ac.in','','[u\'Pavement Analysis and Design\', u\'Pavement Management System\', u\'Road Safety Under Mixed Traffic Flow\', u\'Pavement Material Characterisation\']','\"\"','http://www.iitm.ac.in/fsportal//iitmsite/fac/008165','\"\"'),(1,'Amrendra Vijay','AP','CY','http://photos.iitm.ac.in/byid.php?id=008256','avijay@iitm.ac.in','','[u\'\']','\"\"','http://www.iitm.ac.in/fsportal//iitmsite/fac/008256','\"\"'),(2,'Arjun  Arunachalam','','EE','http://www.ee.iitb.ac.in/web//images/a_arjun.jpg','a_arjun@ee.iitb.ac.in','','[u\' Medical Imaging- Advanced MRI data acquisition and image reconstruction techniques \', u\'Advanced Image visualization algorithms development\', u\'  Clean energy- High concentration Photovoltaic (HCPV) concentrator design and development.\']','\"\"','http://www.ee.iitb.ac.in/web/faculty/homepage/a_arjun','\"\"'),(1,'Balaji R','AP','MA','http://photos.iitm.ac.in/byid.php?id=008467','balaji5@iitm.ac.in','','[u\'\']','\"\"','http://www.iitm.ac.in/fsportal//iitmsite/fac/008467','\"\"'),(1,'Chakravarthy Balaji','Prof','ME','http://photos.iitm.ac.in/byid.php?id=005007','balaji@iitm.ac.in','','[u\'Computational Heat Transfer\', u\'Inverse Heat Transfer\', u\'Computational Radiation\', u\'Satellite Meteorology\', u\'Atmospheric Science\', u\'Stochastic Optimization\']','\"\"','http://www.iitm.ac.in/fsportal//iitmsite/fac/005007','\"\"'),(1,'Balaji Srinivasan','ASP','EE','http://photos.iitm.ac.in/byid.php?id=008157','balajis@iitm.ac.in','','[u\'Fiber Bragg Gratings\', u\'Fiber Lasers and Amplifiers\', u\'Nonlinear Fiber Optics\', u\'Distributed Fiber Sensors\']','\"\"','http://www.iitm.ac.in/fsportal//iitmsite/fac/008157','\"\"'),(1,'Krishnan Balasubramanian','Prof','ME','http://photos.iitm.ac.in/byid.php?id=005032','balas@iitm.ac.in','','[u\'Ultrasonics and Acoustics\', u\'Structural Health Monitoring\', u\'Micro and Nano Imaging\', u\'Nondestructive Evaluation\', u\'Materials Characterisation\', u\'Wave Propagation\']','\"\"','http://www.iitm.ac.in/fsportal//iitmsite/fac/005032','\"\"'),(3,'Baleshwar Singh','','CV','http://www.iitg.ac.in/civil/fac_images/Baleshwar_Singh.jpg','baleshwar@iitg.ernet.in','','[u\'Areas of Interest:\', u\'Marine Geotechnology\', u\'Modelling of Onshore &amp; Offshore Foundations\', u\'Soil Stabilization &amp; Ground Modification\', u\'Pavement Subgrade &amp; Site Characterization\']','[]','http://www.iitg.ac.in/baleshwar/','Geotechnical and Geoenvironmental Engineering'),(1,'Balakrishna Rao','AP','ED','http://photos.iitm.ac.in/byid.php?id=008332','balkrish@iitm.ac.in','','[u\'Modeling and simulation of manufacturing processes\', u\'Chatter in manufacturing processes\', u\'Micro-Electro-Mechanical-Systems (MEMS)\', u\'Nano-technology\', u\'Creation of nano-crystalline materials\', u\'High-Speed-Machining of automotive- and aerospace-a','\"\"','http://www.iitm.ac.in/fsportal//iitmsite/fac/008332','\"\"'),(1,'Basavaraja Madivala Gurappa','AP','CH','http://photos.iitm.ac.in/byid.php?id=008476','basa@iitm.ac.in','','[u\'Rheology and microstructure of suspensions, Interfacial rheology, Directed self-assembly, Surfactant Solutions\']','\"\"','http://www.iitm.ac.in/fsportal//iitmsite/fac/008476','\"\"'),(1,'Prafulla Kumar Behera','ASP','PH','http://photos.iitm.ac.in/byid.php?id=008549','behera@iitm.ac.in','','[u\'\']','\"\"','http://www.iitm.ac.in/fsportal//iitmsite/fac/008549','\"\"'),(2,'Madhu N. Belur','','EE','http://www.ee.iitb.ac.in/web//images/MadhuBelur.jpg','belur@ee.iitb.ac.in','','[u\' Control theory\', u\'  dissipative systems\', u\'  graph theoretic methods\', u\'  decentralized control\', u\'  behavioral theory control\', u\' Fault diagnosis.\']','\"\"','http://www.ee.iitb.ac.in/web/faculty/homepage/belur','\"\"'),(2,'Bernard Menezes','','CS','','bernard@cs.iitb.ac.in','','[u\' Information Appliances\', u\' Electronic Commerce\', u\' Java Security\', u\' Parallel Computing\', u\' Time Series Forecasting \']','\"\"','http://www.cse.iitb.ac.in/~bernard','\"\"'),(2,'Baylon G. Fernandes','','EE','http://www.ee.iitb.ac.in/web//images/bgf3.jpg','bgf @ee.iitb.ac.in','','[u\' Inverter topologies for VAr compensation.\', u\' Power electronic interface for non-conventional energy sources\', u\' Permanent magnet machines for wind power generation\', u\' Switched reluctance machines for electric vehicle application.\']','\"\"','http://www.ee.iitb.ac.in/web/faculty/homepage/bgf ','\"\"'),(1,'Bharath Bhikkaji','AP','EE','http://photos.iitm.ac.in/byid.php?id=008348','bharath.bhikkaji@iitm.ac.in','','[u\'\']','\"\"','http://www.iitm.ac.in/fsportal//iitmsite/fac/008348','\"\"'),(1,'Bhaskar Ramamurthi','Prof','EE','http://photos.iitm.ac.in/byid.php?id=003009','bhaskar@iitm.ac.in','','[u\'\']','\"\"','http://www.iitm.ac.in/fsportal//iitmsite/fac/003009','\"\"'),(1,'Bhuvaneshwar G','AP','ED','http://photos.iitm.ac.in/byid.php?id=ADF017','bhuvanesh@iitm.ac.in','','[u\'\']','\"\"','http://www.iitm.ac.in/fsportal//iitmsite/fac/ADF017','\"\"'),(2,'Bikash Kumar Dey','','EE','http://www.ee.iitb.ac.in/web//images/bikash.jpg','bikash@ee.iitb.ac.in','','[u\' Information Theory\', u\' Coding Theory\', u\' Wireless communication.\']','\"\"','http://www.ee.iitb.ac.in/web/faculty/homepage/bikash','\"\"'),(3,'Bimlesh Kumar','','CV','http://www.iitg.ac.in/civil/fac_images/Bimlesh_Kumar.bmp','bimk@iitg.ernet.in','','[u\'Areas of Interest:\', u\'Small scale studies of mixing tanks\', u\'Experimental Studies of Aeration Systems\', u\'Sediment Transport analysis\', u\'Pipeline analysis\', u\'CFD simulation\', u\'Surge analysis\']','[]','http://www.iitg.ac.in/bimk/','Environmental Hydraulics and Sediment Transport'),(1,'Binitha V  Thampi','AP','HS','http://photos.iitm.ac.in/byid.php?id=008457','binithathampi@iitm.ac.in','','[u\'\']','\"\"','http://www.iitm.ac.in/fsportal//iitmsite/fac/008457','\"\"'),(2,'Bipin  Rajendran','','EE','http://www.ee.iitb.ac.in/web//images/bipin.jpg','bipin@ee.iitb.ac.in','','[u\' Nanoscale science and technology\', u\'  Biomimetic engineering & computation\', u\'  Novel materials & devices for memory/logic applications\', u\'  \nThree-dimensional & heterogeneous integration\', u\'  Sensing & analytics for urban challenges.\']','\"\"','http://www.ee.iitb.ac.in/web/faculty/homepage/bipin','\"\"'),(1,'Prem B Bisht','Prof','PH','http://photos.iitm.ac.in/byid.php?id=000081','bisht@iitm.ac.in','','[u\'Excited-state &amp; multiphoton absorption cross sections\', u\'White light continuum generation\', u\'Whispering Gallery Modes of Microcavities\', u\'Third order optical nonlinearity determination\', u\'Optical parametric amplifiers\', u\'Foerster energy transf','\"\"','http://www.iitm.ac.in/fsportal//iitmsite/fac/000081','\"\"'),(1,'Kalyan Kumar B','AP','EE','http://photos.iitm.ac.in/byid.php?id=008284','bkalyan@iitm.ac.in','','[u\'Power system dynamics\', u\'Flexible AC transmission devices (FACTS) modeling and control\', u\'Control coordination of damping controllers\', u\'Application of Fuzzy and Artificial Neural Networks to power systems\', u\'xc3xa2xc2u20ac\', u\'xc2xa2 Power quality','\"\"','http://www.iitm.ac.in/fsportal//iitmsite/fac/008284','\"\"'),(1,'Bijoy Krishna Das','ASP','EE','http://photos.iitm.ac.in/byid.php?id=008260','bkdas@iitm.ac.in','','[u\'Silicon Photonics and Optical Interconnect Technologies\', u\'Integrated Optics and Optoelectronic Devices\']','\"\"','http://www.iitm.ac.in/fsportal//iitmsite/fac/008260','\"\"'),(2,'Bhaskaran   Muralidharan','','EE','http://www.ee.iitb.ac.in/web//images/bm.jpg','bm@ee.iitb.ac.in','','[u\' Computational nanolectronics\', u\'  spintronics \', u\'  nano scale energy conversion..\']','\"\"','http://www.ee.iitb.ac.in/web/faculty/homepage/bm','\"\"'),(2,'Brij Mohan Arora','','EE','http://www.ee.iitb.ac.in/web//images/bmarora.jpg','bmarora@ee.iitb.ac.in','','[u\' Optoelectronic materials and devices III-IV compound semiconductors solar cells.\']','\"\"','http://www.ee.iitb.ac.in/web/faculty/homepage/bmarora','\"\"'),(1,'Nageswara Rao B','Prof','CE','http://photos.iitm.ac.in/byid.php?id=008169','bnrao@iitm.ac.in','','[u\'Research interests includes developing new methods in the areas of computational solid mechanics, finite element analysis, meshless analysis, computer-aided design, structural reliability, optimization, stochastic mechanics, fuzzy structural analysis, ','\"\"','http://www.iitm.ac.in/fsportal//iitmsite/fac/008169','\"\"'),(1,'Boby  George','AP','EE','http://photos.iitm.ac.in/byid.php?id=008425','boby@iitm.ac.in','','[u\'Sensors and Electronic Instrumentation\']','\"\"','http://www.iitm.ac.in/fsportal//iitmsite/fac/008425','\"\"'),(3,'Laishram Boeing Singh','','CV','http://www.iitg.ac.in/civil/fac_images/L_Boeing_Singh.JPG','boeing@iitg.ernet.in','','[u\'Areas of Interest:\', u\'Public Private Partnerships\', u\'Risk Management\', u\'Construction Management\']','[]','http://www.iitg.ac.in/boeing/','Infrastructure Financing and Management'),(1,'Boominathan A','Prof','CE','http://photos.iitm.ac.in/byid.php?id=002777','boomi@iitm.ac.in','','[u\'Liquefaction Modeling &amp; Mitigation\', u\'Soil Dynamics\', u\'Earthquake Geotechnical Engineering\', u\'Seismic Microzonation\', u\'Machine Foundations\', u\'Dynamic Soil &amp; Pile Testing\', u\'Ground Improvement\']','\"\"','http://www.iitm.ac.in/fsportal//iitmsite/fac/002777','\"\"'),(2,'Vivek Shripad Borkar','','EE','http://www.ee.iitb.ac.in/web//images/vsb049.jpg','borkar@ee.iitb.ac.in','','[u\' Stochastic Control\', u\' Learning Control Theory\', u\' Random Processes.\']','\"\"','http://www.ee.iitb.ac.in/web/faculty/homepage/borkar','\"\"'),(2,'Bhaskar Raman','','CS','','br@cs.iitb.ac.in','','[u\' Computer networks\', u\' Wireless systems\', u\' Communication system design for developing regions\']','\"\"','http://www.cse.iitb.ac.in/~br','\"\"'),(1,'Milind Brahme','ASP','HS','http://photos.iitm.ac.in/byid.php?id=008098','brahme@iitm.ac.in','','[u\'\']','\"\"','http://www.iitm.ac.in/fsportal//iitmsite/fac/008098','\"\"'),(1,'Shankar Balachandran','AP','CS','http://photos.iitm.ac.in/byid.php?id=008215','bshankar@iitm.ac.in','','[u\'\']','\"\"','http://www.iitm.ac.in/fsportal//iitmsite/fac/008215','\"\"'),(1,'Murty B S','Prof','CE','http://photos.iitm.ac.in/byid.php?id=005017','bsm@iitm.ac.in','','[u\'\']','\"\"','http://www.iitm.ac.in/fsportal//iitmsite/fac/005017','\"\"'),(2,'Sibi Raj  B Pillai','','EE','http://www.ee.iitb.ac.in/web//images/bsraj.jpg','bsraj@ee.iitb.ac.in','','[u\' Fundamental Limits of Communication Systems\', u\' Information Theory and its applications\', u\' Compressed Sensing\', u\' Stochastic Modeling\', u\' Resource Allocation Problems\', u\' Interference Channels\', u\' Relaying and Broadcasting.\']','\"\"','http://www.ee.iitb.ac.in/web/faculty/homepage/bsraj','\"\"'),(1,'Prasad Patnaik B S V','ASP','AM','http://photos.iitm.ac.in/byid.php?id=008273','bsvp@iitm.ac.in','','[u\'Active Flow Control\', u\'Flow induced vibrations\', u\'Computational Fluid Dynamics (CFD)\', u\'\']','\"\"','http://www.iitm.ac.in/fsportal//iitmsite/fac/008273','\"\"'),(3,'Bulu Pradhan','','CV','http://www.iitg.ac.in/civil/fac_images/Bulu_Pradhan.jpg','bulu@iitg.ernet.in','','[u\'Areas of Interest:\', u\'Durability studies in concrete\', u\'Corrosion of steel reinforcement and protection measures\', u\'High performance concrete\', u\'Mass transport in cementitious materials\', u\'Non-destructive testing of concrete structures\', u\'Constru','[]','http://www.iitg.ac.in/bulu/','Civil Engineering Materials &amp; Construction Management'),(1,'Raghavendra Rao B V','AP','CS','http://photos.iitm.ac.in/byid.php?id=008567','bvrr@iitm.ac.in','','[u\'\']','\"\"','http://www.iitm.ac.in/fsportal//iitmsite/fac/008567','\"\"'),(1,'Bhyrappa P','Prof','CY','http://photos.iitm.ac.in/byid.php?id=000303','byra@iitm.ac.in','','[u\'Bioinorganic and Supramolecular Chemistry\', u\'Materials chemistry of porphyrins and metalloporphyrins\']','\"\"','http://www.iitm.ac.in/fsportal//iitmsite/fac/000303','\"\"'),(3,'C. Mallikarjuna','','CV','http://www.iitg.ac.in/civil/fac_images/C_Mallikarjuna.jpg','c.mallikarjuna@iitg.ernet.in','','[u\'Areas of Interest:\', u\'Traffic flow theory and Modeling\', u\'Traffic data collection and analysis\', u\'Travel demand modeling\']','[]','http://www.iitg.ac.in/c.mallikarjuna/','Transportation Engineering'),(1,'Chandra Sekhar C','Prof','CS','http://photos.iitm.ac.in/byid.php?id=003118','cchandra@iitm.ac.in','','[u\'Content based Information Retrieval\', u\'Kernel Methods\', u\'Pattern Recognition\', u\'Artificial Neural Networks\', u\'Speech processing\', u\'Handwritten Character Recognition\']','\"\"','http://www.iitm.ac.in/fsportal//iitmsite/fac/003118','\"\"'),(1,'Vijayaraghavan K','AP','CH','http://photos.iitm.ac.in/byid.php?id=V00093','cevijay@iitm.ac.in','','[u\'\']','\"\"','http://www.iitm.ac.in/fsportal//iitmsite/fac/V00093','\"\"'),(1,'Venkatesh Balasubramanian','ASP','ED','http://photos.iitm.ac.in/byid.php?id=008106','chanakya@iitm.ac.in','','[u\'Biomedical Devices Development\', u\'Rehabilitation Engineering\', u\'Perceptional Psychophysics\', u\'Technology Management\', u\'Human factors and Ergonomics\']','\"\"','http://www.iitm.ac.in/fsportal//iitmsite/fac/008106','\"\"'),(1,'Arya Kumar Bedabrata Chand','AP','MA','http://photos.iitm.ac.in/byid.php?id=008323','chand@iitm.ac.in','','[u\'Fractals\', u\'Fractal Interpolation Functions\', u\'Approximation Theory\', u\'Fractal Image Compression\', u\'Computer Aided Geometric Design\', u\'Wavelets.\']','\"\"','http://www.iitm.ac.in/fsportal//iitmsite/fac/008323','\"\"'),(3,'Chandan Mahanta','','CV','http://www.iitg.ac.in/civil/fac_images/Chandan_Mahanta.jpg','chandan@iitg.ernet.in','','[u\'Areas of Interest:\', u\'Water Quality\', u\'Sediment Dynamics in Fluvial Systems\', u\'Environmental Impact, Risk Assessment and Management\', u\'Environmental Geo-informatics\', u\'Engineering Geology\']','[]','http://www.iitg.ac.in/chandan/','Environmental Engg. &amp; Engineering Geology'),(1,'Chandra T S','Prof','BT','http://photos.iitm.ac.in/byid.php?id=002529','chandra@iitm.ac.in','','[u\'\']','\"\"','http://www.iitm.ac.in/fsportal//iitmsite/fac/002529','\"\"'),(1,'Idichandy V G','Prof','OE','http://photos.iitm.ac.in/byid.php?id=e01164','chandy@iitm.ac.in','','[u\'\']','\"\"','http://www.iitm.ac.in/fsportal//iitmsite/fac/e01164','\"\"'),(2,'Prasanna  Chaporkar','','EE','http://www.ee.iitb.ac.in/web//images/chaporkar.jpg','chaporkar@ee.iitb.ac.in','','[u\' Resource Allocation and scheduling in wired/wireless networks\', u\'  Optimization and control of stochastic systems\', u\'  Distributed systems and algorithms.\']','\"\"','http://www.ee.iitb.ac.in/web/faculty/homepage/chaporkar','\"\"'),(2,'Kameswari Chebrolu','','CS','','chebrolu@cs.iitb.ac.in','','[u\' architecture and protocol design in wired\', u\' wireless and sensor networks; \r\ndevelopment of appropriate technology.\']','\"\"','http://www.cse.iitb.ac.in/~chebrolu','\"\"'),(1,'Chidambaram M','Prof','CH','http://photos.iitm.ac.in/byid.php?id=002653','chidam@iitm.ac.in','','[u\'\']','\"\"','http://www.iitm.ac.in/fsportal//iitmsite/fac/002653','\"\"'),(1,'Christian Thaulow','Prof','CE','http://photos.iitm.ac.in/byid.php?id=v01164','chr@iitm.ac.in','','[u\'\']','\"\"','http://www.iitm.ac.in/fsportal//iitmsite/fac/v01164','\"\"'),(1,'Srinivasa Rao C H','ASP','MA','http://photos.iitm.ac.in/byid.php?id=008115','chsrao@iitm.ac.in','','[u\'\']','\"\"','http://www.iitm.ac.in/fsportal//iitmsite/fac/008115','\"\"'),(1,'Rajendran C','Prof','MS','http://photos.iitm.ac.in/byid.php?id=002765','craj@iitm.ac.in','','[u\'Scheduling\', u\'Simulation\', u\'Supply Chain Management\', u\'Quality Management\']','\"\"','http://www.iitm.ac.in/fsportal//iitmsite/fac/002765','\"\"'),(1,'Ramalingam C S','ASP','EE','http://photos.iitm.ac.in/byid.php?id=008032','csr@iitm.ac.in','','[u\'\']','\"\"','http://www.iitm.ac.in/fsportal//iitmsite/fac/008032','\"\"'),(1,'Sudakar Chandran','AP','PH','http://photos.iitm.ac.in/byid.php?id=008433','csudakar@iitm.ac.in','','[u\'Materials for memory and energy applications\', u\'Oxides and Nitrides\', u\'Magnetic materials\', u\'Spectroscopic techniques (such as Raman, XPS, UV-Vis, IR)\', u\'Defect-structure property correlations\', u\'Experimental Condensed Matter Physics\']','\"\"','http://www.iitm.ac.in/fsportal//iitmsite/fac/008433','\"\"'),(1,'Vijayan C','Prof','PH','http://photos.iitm.ac.in/byid.php?id=001603','cvijayan@iitm.ac.in','','[u\'Novel Optical materials\', u\'Photonics\', u\'Nonlinear Optics --- Matreials and Processes\', u\'Physics Teaching\']','\"\"','http://www.iitm.ac.in/fsportal//iitmsite/fac/001603','\"\"'),(1,'Krishnamurthy C V','ASP','PH','http://photos.iitm.ac.in/byid.php?id=008421','cvkm@iitm.ac.in','','[u\'Infrared thermography\', u\'Nonlinear Ultrasonics\', u\'Acoustic, Elastic and Electromagnetic Wave Propagation\', u\'Tomography\', u\'Quantitative Imaging\']','\"\"','http://www.iitm.ac.in/fsportal//iitmsite/fac/008421','\"\"'),(1,'Murty C V R','Prof','CE','http://photos.iitm.ac.in/byid.php?id=008318','cvrm@iitm.ac.in','','[u\'Nonlinear Behavior of Structures\', u\'Earthquake Resistant Design of Buildings and Bridges\']','\"\"','http://www.iitm.ac.in/fsportal//iitmsite/fac/008318','\"\"'),(2,'Om P. Damani','','CS','','damani@cs.iitb.ac.in','','[u\' Program Derivation\', u\' Large Scale Systems\', u\'  Technology for Social Development\']','\"\"','http://www.cse.iitb.ac.in/~damani','\"\"'),(1,'Dhamodharan R','Prof','CY','http://photos.iitm.ac.in/byid.php?id=002504','damo@iitm.ac.in','','[u\'Polymer Chemistry : Controlled Radical Polymerizations (ATRP, RAFT), Surface Modification of Flat and Nanoparticulate Surfaces, Biopolymer-Natural Materials Nanocomposite\', u\'Polymer Light Emitting Diodes\', u\'Electrochromic Polymers\']','\"\"','http://www.iitm.ac.in/fsportal//iitmsite/fac/002504','\"\"'),(3,'Konjengbam Darunkumar Singh','','CV','http://www.iitg.ac.in/civil/fac_images/K_Darunkumar_Singh.jpg','darun@iitg.ernet.in','','[u\'Areas of Interest:\', u\'Structural Analysis and Design\', u\'Finite Element Method\', u\'Fracture and Fatigue Mechanics\']','[]','http://www.iitg.ac.in/darun/','Structural Engineering'),(1,'Umakant Dash','ASP','HS','http://photos.iitm.ac.in/byid.php?id=008166','dash@iitm.ac.in','','[u\'Health Economics, Financing Health care, Inter-Industry Analysis\']','\"\"','http://www.iitm.ac.in/fsportal//iitmsite/fac/008166','\"\"'),(1,'David Koilpillai','Prof','EE','http://photos.iitm.ac.in/byid.php?id=008073','davidk@iitm.ac.in','','[u\'\']','\"\"','http://www.iitm.ac.in/fsportal//iitmsite/fac/008073','\"\"'),(1,'Dawood Kothawala','AP','PH','http://photos.iitm.ac.in/byid.php?id=008559','dawood@iitm.ac.in','','[u\'\']','\"\"','http://www.iitm.ac.in/fsportal//iitmsite/fac/008559','\"\"'),(2,'Deepak B. Phatak','','CS','','dbp@cs.iitb.ac.in','','[u\' Data Base Management Systems\', u\' Software Engineering\', u\' System Performance Evaluation\', u\' Distributed Client Server Information Systems.\']','\"\"','http://www.cse.iitb.ac.in/~dbp','\"\"'),(2,'Debraj  Chakraborty','','EE','http://www.ee.iitb.ac.in/web//images/dc.jpg','dc@ee.iitb.ac.in','','[u\' Optimal Control\', u\' Linear Systems\', u\' Optimization\', u\' Differential Games\', u\' Game Theory.\']','\"\"','http://www.ee.iitb.ac.in/web/faculty/homepage/dc','\"\"'),(1,'Debashis Chakraborty','ASP','CY','http://photos.iitm.ac.in/byid.php?id=008200','dchakraborty@iitm.ac.in','','[u\'\']','\"\"','http://www.iitm.ac.in/fsportal//iitmsite/fac/008200','\"\"'),(1,'Deepak Kumar','AP','OE','http://photos.iitm.ac.in/byid.php?id=008472','deepakkumar@iitm.ac.in','','[u\'\']','\"\"','http://www.iitm.ac.in/fsportal//iitmsite/fac/008472','\"\"'),(1,'Deleep R Nair','AP','EE','http://photos.iitm.ac.in/byid.php?id=008507','deleep@iitm.ac.in','','[u\'Semiconductor devices, MEMS, Circuit - Device interactions\']','\"\"','http://www.iitm.ac.in/fsportal//iitmsite/fac/008507','\"\"'),(1,'Dhiman Chatterjee','ASP','ME','http://photos.iitm.ac.in/byid.php?id=008184','dhiman@iitm.ac.in','','[u\'Fluid Mechanics\', u\'Turbomachines\', u\'Cavitation\', u\'Microscale flows\', u\'Biological application of Ultrasound\']','\"\"','http://www.iitm.ac.in/fsportal//iitmsite/fac/008184','\"\"'),(1,'Dillip Kumar Chand','ASP','CY','http://photos.iitm.ac.in/byid.php?id=008112','dillip@iitm.ac.in','','[u\'Homogeneous catalysis: Mo(VI)-based compounds as mild and selctive catalysts for organic transformations\', u\'Supramolecular Chemistry: Metal driven self-assembly Pd(II) and nitrogen ligands, dyanmic aspects of the molecules\', u\'Nanoscience: Synthesis a','\"\"','http://www.iitm.ac.in/fsportal//iitmsite/fac/008112','\"\"'),(2,'Dinesh K. Sharma','','EE','http://www.ee.iitb.ac.in/web//images/dinesh.jpg','dinesh@ee.iitb.ac.in','','[u\' MOS device modeling\r\nVLSI design and technology.\r\nMicroelectronics - technology and device characterisation\r\nmixed signal design.\']','\"\"','http://www.ee.iitb.ac.in/web/faculty/homepage/dinesh','\"\"'),(1,'Devendra Jalihal','Prof','EE','http://photos.iitm.ac.in/byid.php?id=002399','dj@iitm.ac.in','','[u\'Signal Processing, Wireless Communication\']','\"\"','http://www.iitm.ac.in/fsportal//iitmsite/fac/002399','\"\"'),(1,'Janakiram D','Prof','CS','http://photos.iitm.ac.in/byid.php?id=003111','djram@iitm.ac.in','','[u\'Cloud Computing, Distributed Systems, Software Engineering, Databases\']','\"\"','http://www.iitm.ac.in/fsportal//iitmsite/fac/003111','\"\"'),(1,'Dillip Kumar Satapathy','AP','PH','http://photos.iitm.ac.in/byid.php?id=008521','dks@iitm.ac.in','','[u\'Complex fluids in confinement\', u\'Physics of complex oxide heterostructures\', u\'X-ray and neutron scattering characterization of materials\']','\"\"','http://www.iitm.ac.in/fsportal//iitmsite/fac/008521','\"\"'),(2,'D  Manjunath','','EE','http://www.ee.iitb.ac.in/web//images/dmanju.jpg','dmanju@ee.iitb.ac.in','','[u\' Computer and Communication Network Protocols\', u\' Systems and Algorithms Performance Modeling\', u\' Queueing Theory and Simulation\', u\' Stochastic Systems.\']','\"\"','http://www.ee.iitb.ac.in/web/faculty/homepage/dmanju','\"\"'),(2,'Dhananjay Madhav Dhamdhere','','CS','','dmd@cs.iitb.ac.in','','[u\' Distributed Algorithms\', u\' Programming Languages\', u\' Operating Systems\', u\' Optimizing Compilers\']','\"\"','http://www.cse.iitb.ac.in/~dmd','\"\"'),(1,'Devdas Menon','Prof','CE','http://photos.iitm.ac.in/byid.php?id=005003','dmenon@iitm.ac.in','','[u\'Reinforced and Prestressed Concrete Design\', u\'Bridge Engineering\', u\'Retrofit of Structures\', u\'Structural Reliability\', u\'Structural Analysis, Dynamics and Stability\', u\'Wind and Earthquake Engineering\']','\"\"','http://www.iitm.ac.in/fsportal//iitmsite/fac/005003','\"\"'),(1,'Aysha Iqbal','ASP','HS','http://photos.iitm.ac.in/byid.php?id=008234','draysha@iitm.ac.in','','[u\'Popular culture\', u\'Film studies, urban culture\', u\'Communication, English Language Teaching\', u\'Reception Studies (On going ICSR IIT project)\', u\'Drama, Arthur Miller\']','\"\"','http://www.iitm.ac.in/fsportal//iitmsite/fac/008234','\"\"'),(1,'Devaki Reddy S','ASP','HS','http://photos.iitm.ac.in/byid.php?id=005006','dre@iitm.ac.in','','[u\'\']','\"\"','http://www.iitm.ac.in/fsportal//iitmsite/fac/005006','\"\"'),(1,'Srinivasan Chandrasekaram','ASP','OE','http://photos.iitm.ac.in/byid.php?id=008364','drsekaran@iitm.ac.in','','[u\'Semi-active damping devices for response control of structures\', u\'Non-linear dynamic analysis of Offshore Compliant Structures\', u\'Base Isolated Structures\', u\'Earthquake resistant analysis and design of structures\', u\'Shell structures under shock and','\"\"','http://www.iitm.ac.in/fsportal//iitmsite/fac/008364','\"\"'),(2,'Dipankar  Saha','','EE','http://www.ee.iitb.ac.in/web//images/dsaha.jpg','dsaha@ee.iitb.ac.in','','[u\' Microelectronics\nNew Device Physics\nSemiconductor Spintronics\nSpin injection\', u\' transport and detection in III-V systems\nDevice Reliability.\']','\"\"','http://www.ee.iitb.ac.in/web/faculty/homepage/dsaha','\"\"'),(2,'Sadanand D. Agashe','','EE','http://www.ee.iitb.ac.in/web//images/eesdaia.jpg','eesdaia@ee.iitb.ac.in','','[u\' Control theory\', u\' Network theory\', u\' Speech analysis and Synthesis.\']','\"\"','http://www.ee.iitb.ac.in/web/faculty/homepage/eesdaia','\"\"'),(1,'Enakshi Bhattacharya','Prof','EE','http://photos.iitm.ac.in/byid.php?id=002383','enakshi@iitm.ac.in','','[u\'Other silicon: amorphous, porous, poly\', u\'MEMS/NEMS\', u\'Biosensors\']','\"\"','http://www.iitm.ac.in/fsportal//iitmsite/fac/002383','\"\"'),(1,'Ethayaraja Mani','AP','CH','http://photos.iitm.ac.in/byid.php?id=008504','ethaya@iitm.ac.in','','[u\'Molecular simulations\', u\'softmatter\', u\'mathematical modeling, kinetic modeling\']','\"\"','http://www.iitm.ac.in/fsportal//iitmsite/fac/008504','\"\"'),(1,'Evangeline Manickam','Prof','HS','http://photos.iitm.ac.in/byid.php?id=002759','eva@iitm.ac.in','','[u\'\']','\"\"','http://www.iitm.ac.in/fsportal//iitmsite/fac/002759','\"\"'),(1,'Franziska','AP','HS','http://photos.iitm.ac.in/byid.php?id=V01156','franziska@iitm.ac.in','','[u\'\']','\"\"','http://www.iitm.ac.in/fsportal//iitmsite/fac/V01156','\"\"'),(1,'Gaurav Raina','AP','EE','http://photos.iitm.ac.in/byid.php?id=008495','g.raina@iitm.ac.in','','[u\'\']','\"\"','http://www.iitm.ac.in/fsportal//iitmsite/fac/008495','\"\"'),(2,'Ganesh Ramkrishnan','','CS','','ganesh@cs.iitb.ac.in','','[u\' Statistical Relational Learning\', u\' Graphical Models\', u\' Some other topics in\r\nMachine Learning such as Support Vector Machines\', u\' Information Extraction\']','\"\"','http://www.cse.iitb.ac.in/~ganesh','\"\"'),(1,'Ganesh Sundara Raman','Prof','MM','http://photos.iitm.ac.in/byid.php?id=005008','ganesh@iitm.ac.in','','[u\'\']','\"\"','http://www.iitm.ac.in/fsportal//iitmsite/fac/005008','\"\"'),(1,'Ganapathy Krishnamurthi','AP','ED','http://photos.iitm.ac.in/byid.php?id=008562','gankrish@iitm.ac.in','','[u\'\']','\"\"','http://www.iitm.ac.in/fsportal//iitmsite/fac/008562','\"\"'),(1,'Apparao G','ASP','CE','http://photos.iitm.ac.in/byid.php?id=008111','garao@iitm.ac.in','','[u\'\']','\"\"','http://www.iitm.ac.in/fsportal//iitmsite/fac/008111','\"\"'),(1,'Aravind G','AP','PH','http://photos.iitm.ac.in/byid.php?id=008437','garavind@iitm.ac.in','','[u\'Photoelectron spectroscopy\', u\'Photodissociation of biomolecules\', u\'Ion-neutral reactions studies with multipole ion-trap\']','\"\"','http://www.iitm.ac.in/fsportal//iitmsite/fac/008437','\"\"'),(1,'Ramesh Gardas','AP','CY','http://photos.iitm.ac.in/byid.php?id=008452','gardas@iitm.ac.in','','[u\'Fluid Phase Equilibria\', u\'Chemical Thermodynamics\', u\'Ionic Liquids\', u\'Property predictions throgh Group Contribution Methods, QSPR, and Correlating Equations\']','\"\"','http://www.iitm.ac.in/fsportal//iitmsite/fac/008452','\"\"'),(1,'Arun Kumar G','Prof','MS','http://photos.iitm.ac.in/byid.php?id=008108','garun@iitm.ac.in','','[u\'IPO &amp; Corporate Governance\', u\'Mergers, Acquisitions and Joint Ventures\', u\'Market Micro Structure\']','\"\"','http://www.iitm.ac.in/fsportal//iitmsite/fac/008108','\"\"'),(1,'Ravindra Gettu','Prof','CE','http://photos.iitm.ac.in/byid.php?id=008190','gettu@iitm.ac.in','','[u\'Characterization and application of self compacting concrete\', u\'Effective use of super plasticizers in concrete\', u\'Behaviour of concrete with shrinkage reducing admixtures\']','\"\"','http://www.iitm.ac.in/fsportal//iitmsite/fac/008190','\"\"'),(1,'Giridhar K','Prof','EE','http://photos.iitm.ac.in/byid.php?id=002386','giridhark@iitm.ac.in','','[u\'Transceiver Design for MIMO-OFDM &amp; Single Carrier Systems\', u\'Wireless Communication Systems\', u\'Adaptive Signal Processing\', u\'Link-level and System-level Performance Analysis\', u\'Robust Estimation for non-Guassian Models\']','\"\"','http://www.iitm.ac.in/fsportal//iitmsite/fac/002386','\"\"'),(2,'Girish P. Saraph','','EE','http://www.ee.iitb.ac.in/web//images/girishs.jpg','girishs@ee.iitb.ac.in','','[u\' RF Electronics & Wireless Com.\nCommunication Networks\nHigh Power Microwave Sources & Radars\nFiber Optics & Optical Networks.\']','\"\"','http://www.ee.iitb.ac.in/web/faculty/homepage/girishs','\"\"'),(1,'Gitakrishnan Ramadurai','AP','CE','http://photos.iitm.ac.in/byid.php?id=008432','gitakrishnan@iitm.ac.in','','[u\'\']','\"\"','http://www.iitm.ac.in/fsportal//iitmsite/fac/008432','\"\"'),(1,'Suraishkumar G K','Prof','BT','http://photos.iitm.ac.in/byid.php?id=008164','gk@iitm.ac.in','','[u\'Reactive Oxygen Species in a Bioreactor Context\', u\'Liquid Phase Oxygen-supply Strategy (LPOS) to Bioreactors\', u\'Bone Remodeling\', u\'Algal Bioenergy\', u\'For a list of publications from our group and other details, please visit www.biotech.iitm.ac.in/f','\"\"','http://www.iitm.ac.in/fsportal//iitmsite/fac/008164','\"\"'),(2,'Girish  Kumar','','EE','http://www.ee.iitb.ac.in/web//images/gkumar.jpg','gkumar@ee.iitb.ac.in','','[u\' Microstrip antennas and arrays\', u\' Broadband antennas\', u\' Microwave integrated circuits\', u\' EMI/ EMC\', u\' RF communication circuits.\']','\"\"','http://www.ee.iitb.ac.in/web/faculty/homepage/gkumar','\"\"'),(1,'Gnanamoorthy R','Prof','ME','http://photos.iitm.ac.in/byid.php?id=000104','gmoorthy@iitm.ac.in','','[u\'Mechanical Design, Surface Engineering, Fatigue &amp; Fracture Mechanics\']','\"\"','http://www.iitm.ac.in/fsportal//iitmsite/fac/000104','\"\"'),(1,'Rajagopal K','Prof','CE','http://photos.iitm.ac.in/byid.php?id=002804','gopalkr@iitm.ac.in','','[u\'Geosynthetics\', u\'Reinforced soil structures\', u\'Finite element analysis\', u\'Ground improvement techniques\']','\"\"','http://www.iitm.ac.in/fsportal//iitmsite/fac/002804','\"\"'),(1,'Dodagoudar G R','ASP','CE','http://photos.iitm.ac.in/byid.php?id=008105','goudar@iitm.ac.in','','[u\'Seismic hazard and risk assessment\', u\'Reliability analysis of geotechnical systems\', u\'Soil dynamics and earthquake engineering\', u\'Control of soil-foundation-structure systems\', u\'CFD applications in environmental geotechnics\', u\'Inelastic analysis i','\"\"','http://www.iitm.ac.in/fsportal//iitmsite/fac/008105','\"\"'),(1,'Govardhan M','Prof','ME','http://photos.iitm.ac.in/byid.php?id=002591','gova@iitm.ac.in','','[u\'Forward sweep in Axial Compressors\', u\'Mixed Flow Compresspr Aerodynamics\', u\'CFD in Turbomachinery\', u\'Contra-rotating Turbines\', u\'Tip Clearance Flows in Turbines\', u\'Cascade Secondary Flows and Losses\']','\"\"','http://www.iitm.ac.in/fsportal//iitmsite/fac/002591','\"\"'),(1,'Gandham Phanikumar','ASP','MM','http://photos.iitm.ac.in/byid.php?id=008196','gphani@iitm.ac.in','','[u\'Transport Phenomena\', u\'Phase-field modeling of solidification microstructure\', u\'Characterisation of Materials\', u\'Solidification\']','\"\"','http://www.iitm.ac.in/fsportal//iitmsite/fac/008196','\"\"'),(1,'Rajesh G','ASP','AE','http://photos.iitm.ac.in/byid.php?id=008580','grajesh@iitm.ac.in','','[u\'High Speed Flows - Experimental Aerodynamics, Shockwave Dynamics\']','\"\"','http://www.iitm.ac.in/fsportal//iitmsite/fac/008580','\"\"'),(1,'Michael Gromiha M','ASP','BT','http://photos.iitm.ac.in/byid.php?id=008473','gromiha@iitm.ac.in','','[u\'\']','\"\"','http://www.iitm.ac.in/fsportal//iitmsite/fac/008473','\"\"'),(1,'Ranga Rao G','Prof','CY','http://photos.iitm.ac.in/byid.php?id=002518','grrao@iitm.ac.in','','[u\'Surface chemistry and spectroscopy\', u\'Solid state electrochemistry\', u\'Heterogeneous catalysis : new materials for catalysis and electrocatalysis, photocatalysis, environmental catalysis and energy storage applications\', u\'Materials chemistry: synthes','\"\"','http://www.iitm.ac.in/fsportal//iitmsite/fac/002518','\"\"'),(1,'Saravana kumar G','ASP','ED','http://photos.iitm.ac.in/byid.php?id=008343','gsaravana@iitm.ac.in','','[u\'CAD/CAE/CAM\', u\'Geometric &amp; Solid Modelling\', u\'3D Imaging\', u\'Additive Manufacturing\', u\'Optimization\', u\'Soft Computing Applications\', u\'Orthopedic Implant Design\']','\"\"','http://www.iitm.ac.in/fsportal//iitmsite/fac/008343','\"\"'),(1,'Sekar G','ASP','CY','http://photos.iitm.ac.in/byid.php?id=008189','gsekar@iitm.ac.in','','[u\'Total Synthesis of Natural Products\', u\'Asymmetric Synthesis\']','\"\"','http://www.iitm.ac.in/fsportal//iitmsite/fac/008189','\"\"'),(1,'Shankar Ghosh','AP','AE','http://photos.iitm.ac.in/byid.php?id=008564','gshankar@iitm.ac.in','','[u\'\']','\"\"','http://www.iitm.ac.in/fsportal//iitmsite/fac/008564','\"\"'),(2,'Gaurav S Kasbekar','','EE','http://www.ee.iitb.ac.in/web//images/gskasbekar.jpg','gskasbekar@ee.iitb.ac.in','','[u\' Modeling\', u\' design and analysis of wireless networks\', u\' Game theoretic and economic aspects of spectrum allocation\', u\' Cognitive radio networks\', u\' Lifetime and coverage problems in wireless sensor networks.\']','\"\"','http://www.ee.iitb.ac.in/web/faculty/homepage/gskasbekar','\"\"'),(1,'Suresh Kumar G','ASP','OE','http://photos.iitm.ac.in/byid.php?id=008286','gskumar@iitm.ac.in','','[u\'Geothermal Reservoir Engineering\', u\'Enhanced Oil Recovery\', u\'Groundwater Hydrology\', u\'Contaminant Hydrogeology\']','\"\"','http://www.iitm.ac.in/fsportal//iitmsite/fac/008286','\"\"'),(1,'Srinivasan G','Prof','MS','http://photos.iitm.ac.in/byid.php?id=002752','gsrini@iitm.ac.in','','[u\'Scheduling\', u\'O.R Applications\', u\'Supply Chain Management\', u\'Cellular Manufacturing\']','\"\"','http://www.iitm.ac.in/fsportal//iitmsite/fac/002752','\"\"'),(1,'Guhan Jayaraman','Prof','BT','http://photos.iitm.ac.in/byid.php?id=008028','guhanj@iitm.ac.in','','[u\'Metabolic Engineering and Systems Biology\', u\'Recombinant Protein Production\', u\'Bioprocess Monitoring and Control\', u\'Process Chromatography for Protein Purification\']','\"\"','http://www.iitm.ac.in/fsportal//iitmsite/fac/008028','\"\"'),(1,'Sathyanarayana N Gummadi','Prof','BT','http://photos.iitm.ac.in/byid.php?id=008099','gummadi@iitm.ac.in','','[u\'Salt tolerance in food spoiling yeast\', u\'Bioprocess engineering\', u\'Caffeine degradation\', u\'Phospholipid translocation in biological membranes\']','\"\"','http://www.iitm.ac.in/fsportal//iitmsite/fac/008099','\"\"'),(1,'Neelima M Gupte','Prof','PH','http://photos.iitm.ac.in/byid.php?id=001609','gupte@iitm.ac.in','','[u\'\']','\"\"','http://www.iitm.ac.in/fsportal//iitmsite/fac/001609','\"\"'),(1,'Venkatarathnam G','Prof','ME','http://photos.iitm.ac.in/byid.php?id=002542','gvenkat@iitm.ac.in','','[u\'Refrigerant mixtures\', u\'New processes that work with refrigerant mixtures\', u\'Improvement of performance of Vapour compression refrigerators\', u\'HFO refrigerants and their mixtures\', u\'HVAC systems for electric vehicles\', u\'Cryogenic refrigerators and','\"\"','http://www.iitm.ac.in/fsportal//iitmsite/fac/002542','\"\"'),(3,'Gautam Barua','','CV','http://www.iitg.ac.in/civil/fac_images/Gautam_Barua.jpg','g_barua@iitg.ernet.in','','[u\'Areas of Interest:\', u\'Flow through porous media\']','[]','http://www.iitg.ac.in/g_barua/','Flow through porous media'),(1,'Hamsa Priya Mohana Sundaram','AP','BT','http://photos.iitm.ac.in/byid.php?id=008550','hamsa@iitm.ac.in','','[u\'\']','\"\"','http://www.iitm.ac.in/fsportal//iitmsite/fac/008550','\"\"'),(1,'Hema A Murthy','Prof','CS','http://photos.iitm.ac.in/byid.php?id=003119','hema@iitm.ac.in','','[u\'\']','\"\"','http://www.iitm.ac.in/fsportal//iitmsite/fac/003119','\"\"'),(3,'Hemant B. Kaushik','','CV','http://www.iitg.ac.in/civil/fac_images/Hemant_Kaushik.jpg','hemantbk@iitg.ernet.in','','[u\'Areas of Interest:\', u\'Earthquake Resistant Design\', u\'Nonlinear Behaviour of Structures\', u\'Retrofitting of Structures\', u\'Finite Element Modeling\']','[]','http://www.iitg.ac.in/hemantbk/','Structural Engineering, Earthquake Engineering'),(2,'Harihar  Narayanan','','EE','http://www.ee.iitb.ac.in/web//images/hn.jpg','hn@ee.iitb.ac.in','','[u\' Building large scale circuit simulators\', u\' Combinatorial optimization including submodular function theory\', u\' Large scale system partitioning.\']','\"\"','http://www.ee.iitb.ac.in/web/faculty/homepage/hn','\"\"'),(2,'Harish K. Pillai','','EE','http://www.ee.iitb.ac.in/web//images/hp.jpg','hp@ee.iitb.ac.in','','[u\' Control theory\', u\' Systems theory\', u\' Multidimensional systems\', u\' Numerical and computational methods\', u\' Coding theory\', u\' Optimization techniques\', u\' Electromagnetics.\']','\"\"','http://www.ee.iitb.ac.in/web/faculty/homepage/hp','\"\"'),(1,'Harishankar Ramachandran','Prof','EE','http://photos.iitm.ac.in/byid.php?id=008046','hsr@iitm.ac.in','','[u\'\']','\"\"','http://www.iitm.ac.in/fsportal//iitmsite/fac/008046','\"\"'),(1,'Indumathi Manivannan Nambi','ASP','CE','http://photos.iitm.ac.in/byid.php?id=008204','indunambi@iitm.ac.in','','[u\'\']','\"\"','http://www.iitm.ac.in/fsportal//iitmsite/fac/008204','\"\"'),(1,'Indrapal Singh Aidhen','Prof','CY','http://photos.iitm.ac.in/byid.php?id=002528','isingh@iitm.ac.in','','[u\'Synthesis of Biologically/Medicinally important molecules\', u\'Synthetic Carbohydrate Chemistry\', u\'Developing Building blocks for Organic Synthesis\']','\"\"','http://www.iitm.ac.in/fsportal//iitmsite/fac/002528','\"\"'),(3,'Mohammad Jawed','','CV','http://www.iitg.ac.in/civil/fac_images/Mohammad_Jawed.jpg','jawed@iitg.ernet.in','','[u\'Areas of Interest:\', u\'Biological Processes\', u\'Anaerobic Wastewater Treatment\', u\'Heavy Metal Removal and Recovery\', u\'Water Treatment and Supply\', u\'Domestic &amp; Industrial Wastewater Treatment\']','[]','http://www.iitg.ac.in/jawed/','Environmental Engineering'),(1,'Jayalal Sarma M N','AP','CS','http://photos.iitm.ac.in/byid.php?id=008465','jayalal@iitm.ac.in','','[u\'Computational Complexity Theory\', u\'Algebra and computation, Analysis of Algorithms\']','\"\"','http://www.iitm.ac.in/fsportal//iitmsite/fac/008465','\"\"'),(1,'Jayanthan A V','AP','MA','http://photos.iitm.ac.in/byid.php?id=008217','jayanav@iitm.ac.in','','[u\'Commutative Algebra: Hilbert function theory, Betti number theory, Buchsbaum-Rim function theory, Homological properties of blowup algebras.\']','\"\"','http://www.iitm.ac.in/fsportal//iitmsite/fac/008217','\"\"'),(2,'Jayanta  Mukherjee','','EE','http://www.ee.iitb.ac.in/web//images/jayanta2.jpg','jayanta@ee.iitb.ac.in','','[u\' RF VLSI Design\', u\' Antenna Design\', u\' Biomedical IC Design\', u\' Testing and Characterization\', u\' Analog VLSI\', u\' Digital VLSI\', u\' Noise Modeling.\']','\"\"','http://www.ee.iitb.ac.in/web/faculty/homepage/jayanta','\"\"'),(1,'John Bosco Lourdusamy','ASP','HS','http://photos.iitm.ac.in/byid.php?id=008095','jblsamy@iitm.ac.in','','[u\'\']','\"\"','http://www.iitm.ac.in/fsportal//iitmsite/fac/008095','\"\"'),(1,'Jitendra Sangwai','AP','OE','http://photos.iitm.ac.in/byid.php?id=008450','jitendrasangwai@iitm.ac.in','','[u\'Gas Hydrates\', u\'Enhanced Oil Recovery\', u\'Flow Assurance\', u\'Thermodynamics of Reservoir Fluids\', u\'Reservoir Engineering\', u\'Rheology of Complex Fluids\']','\"\"','http://www.iitm.ac.in/fsportal//iitmsite/fac/008450','\"\"'),(2,'Joseph  John','','EE','http://www.ee.iitb.ac.in/web//images/jjohn.jpg','jjohn @ee.iitb.ac.in','','[u\' Analog and Digital Circuits\', u\' Optical Fiber Communications\', u\' Indoor Optical Wireless Systems\', u\' Modern Electronic Systems and Instrumentation.\']','\"\"','http://www.ee.iitb.ac.in/web/faculty/homepage/jjohn ','\"\"'),(1,'Murali Krishnan J','ASP','CE','http://photos.iitm.ac.in/byid.php?id=008175','jmk@iitm.ac.in','','[u\'Constitutive Modeling\', u\'Asphalt and Modified Asphalt\', u\'Flexible Pavement Design and Analysis\', u\'Viscoelasticity\']','\"\"','http://www.iitm.ac.in/fsportal//iitmsite/fac/008175','\"\"'),(1,'Mallikarjuna J M','ASP','ME','http://photos.iitm.ac.in/byid.php?id=008109','jmmallik@iitm.ac.in','','[u\'\']','\"\"','http://www.iitm.ac.in/fsportal//iitmsite/fac/008109','\"\"'),(1,'Muthuveerappan G','Prof','ME','http://photos.iitm.ac.in/byid.php?id=002563','jmvr@iitm.ac.in','','[u\'\']','\"\"','http://www.iitm.ac.in/fsportal//iitmsite/fac/002563','\"\"'),(1,'Durga Janaki Ram Gabbita','ASP','MM','http://photos.iitm.ac.in/byid.php?id=008320','jram@iitm.ac.in','','[u\'\']','\"\"','http://www.iitm.ac.in/fsportal//iitmsite/fac/008320','\"\"'),(1,'Ryckaerj','AP','PH','http://photos.iitm.ac.in/byid.php?id=V01162','jryckaer@iitm.ac.in','','[u\'\']','\"\"','http://www.iitm.ac.in/fsportal//iitmsite/fac/V01162','\"\"'),(1,'Jayashankar  V','Prof','EE','http://photos.iitm.ac.in/byid.php?id=008031','jshankar@iitm.ac.in','','[u\'\']','\"\"','http://www.iitm.ac.in/fsportal//iitmsite/fac/008031','\"\"'),(1,'Mani J S','Prof','OE','http://photos.iitm.ac.in/byid.php?id=001576','jsmani@iitm.ac.in','','[u\'\']','\"\"','http://www.iitm.ac.in/fsportal//iitmsite/fac/001576','\"\"'),(1,'Jyotirmaya Tripathy','ASP','HS','http://photos.iitm.ac.in/byid.php?id=008219','jyotirmaya@iitm.ac.in','','[u\'Culture Studies\', u\'Postcolonial Theory\', u\'Gender Studies\', u\'Alternative Approaches to Development\']','\"\"','http://www.iitm.ac.in/fsportal//iitmsite/fac/008219','\"\"'),(3,'Ajay Kalamdhad','','CV','http://www.iitg.ac.in/civil/fac_images/Ajay_Kalamdhad.jpg','kajay@iitg.ernet.in','','[u\'Areas of Interest:\', u\'Solid waste management\', u\'Mechanical composting and vermicomposting\', u\'Analysis of solid wastes\']','[]','http://www.iitg.ac.in/kajay/','Environmental Engineering'),(1,'Kamakoti V','Prof','CS','http://photos.iitm.ac.in/byid.php?id=008034','kama@iitm.ac.in','','[u\'research cc\']','\"\"','http://www.iitm.ac.in/fsportal//iitmsite/fac/008034','\"\"'),(1,'Kamala Krithivasan','Prof','CS','http://photos.iitm.ac.in/byid.php?id=002681','kamala@iitm.ac.in','','[u\'\']','\"\"','http://www.iitm.ac.in/fsportal//iitmsite/fac/002681','\"\"'),(1,'Kamalesh Hatua','AP','EE','http://photos.iitm.ac.in/byid.php?id=008577','kamalesh@iitm.ac.in','','[u\'\']','\"\"','http://www.iitm.ac.in/fsportal//iitmsite/fac/008577','\"\"'),(1,'Kamaraj M','Prof','MM','http://photos.iitm.ac.in/byid.php?id=005025','kamaraj@iitm.ac.in','','[u\'\']','\"\"','http://www.iitm.ac.in/fsportal//iitmsite/fac/005025','\"\"'),(1,'Kamath S G','Prof','MA','http://photos.iitm.ac.in/byid.php?id=002717','kamath@iitm.ac.in','','[u\'Mathematical Physics\']','\"\"','http://www.iitm.ac.in/fsportal//iitmsite/fac/002717','\"\"'),(1,'Ananthanarayanan K','Prof','CE','http://photos.iitm.ac.in/byid.php?id=002793','kananth@iitm.ac.in','','[u\'Supply Chain Management\', u\'Resource Management\', u\'Construction Management\']','\"\"','http://www.iitm.ac.in/fsportal//iitmsite/fac/002793','\"\"'),(1,'Kanjarla Anand Krishna','AP','MM','http://photos.iitm.ac.in/byid.php?id=008575','kanjarla@iitm.ac.in','','[u\'Computational Crystal Plasticity : Finite Element Method and fast Fourier transform approaches CPFEM &amp; CPFFT\', u\'Integrated Computational Materials Engineering (ICME)\', u\'Microstructural approach to mechanics of materials\', u\'Plastic anisotropy and','\"\"','http://www.iitm.ac.in/fsportal//iitmsite/fac/008575','\"\"'),(1,'Kannan A','Prof','CH','http://photos.iitm.ac.in/byid.php?id=005021','kannan@iitm.ac.in','','[u\'\']','\"\"','http://www.iitm.ac.in/fsportal//iitmsite/fac/005021','\"\"'),(2,'Abhay  Karandikar','','EE','http://www.ee.iitb.ac.in/web//images/karandi.JPG','karandi@ee.iitb.ac.in','','[u\' Control and Performance Modeling of Wireless Networks\', u\' Quality of Service and Resource Allocation in Wired/Wireless Networks\', u\' Next Generation Wireless Network Protocols (related to 802.16m\', u\' LTE-Advanced and 4G Standards)\', u\' Co-operative ','\"\"','http://www.ee.iitb.ac.in/web/faculty/homepage/karandi','\"\"'),(1,'Karmalkar S','Prof','EE','http://photos.iitm.ac.in/byid.php?id=001616','karmal@iitm.ac.in','','[u\'\']','\"\"','http://www.iitm.ac.in/fsportal//iitmsite/fac/001616','\"\"'),(3,'Suresh Kartha','','CV','http://www.iitg.ac.in/civil/fac_images/Suresh_Kartha.jpg','kartha@iitg.ernet.in','','[u\'Areas of Interest:\', u\'Flow and transport through porous media\', u\'Heap leaching\', u\'Hydrology\', u\'Numerical modeling\']','[]','http://www.iitg.ac.in/kartha/','Hydraulics &amp; Water Resources Engineering'),(1,'Karthik K Srinivasan','ASP','CE','http://photos.iitm.ac.in/byid.php?id=008134','karthikks@iitm.ac.in','','[u\'\']','\"\"','http://www.iitm.ac.in/fsportal//iitmsite/fac/008134','\"\"'),(1,'Karunagaran D','Prof','BT','http://photos.iitm.ac.in/byid.php?id=008264','karuna@iitm.ac.in','','[u\'Cancer Biology\', u\'Role of miRNAs in cancer\', u\'TGF beta signaling\', u\'Apoptosis\', u\'NF-kappa B signaling\']','\"\"','http://www.iitm.ac.in/fsportal//iitmsite/fac/008264','\"\"'),(1,'Kasiviswanathan S','Prof','PH','http://photos.iitm.ac.in/byid.php?id=005009','kasi@iitm.ac.in','','[u\'\']','\"\"','http://www.iitm.ac.in/fsportal//iitmsite/fac/005009','\"\"'),(2,'Kavi Arya','','CS','','kavi@cs.iitb.ac.in','','[u\' Functional Programming Applications (Domain Specific Languages)\', u\' Embedded Systems/ Parallel Programming Languages\', u\' Distance Learning\']','\"\"','http://www.cse.iitb.ac.in/~kavi','\"\"'),(1,'Bhaskar K','Prof','AE','http://photos.iitm.ac.in/byid.php?id=002697','kbhas@iitm.ac.in','','[u\'Composite Structures\', u\'Thick plates and shells\', u\'Anisotropic Elasticity\']','\"\"','http://www.iitm.ac.in/fsportal//iitmsite/fac/002697','\"\"'),(1,'Hari Kumar K C','Prof','MM','http://photos.iitm.ac.in/byid.php?id=008152','kchkumar@iitm.ac.in','','[u\'Computational Materials Science (First Principle Methods)\', u\'Computational Thermodynamics of Materials (Calphad)\', u\'Physical Metallurgy (Ferrous and Non-Ferrous)\', u\'Ironmaking &amp; Steelmaking\']','\"\"','http://www.iitm.ac.in/fsportal//iitmsite/fac/008152','\"\"'),(1,'Sivakumar K C','Prof','MA','http://photos.iitm.ac.in/byid.php?id=008118','kcskumar@iitm.ac.in','','[u\'\']','\"\"','http://www.iitm.ac.in/fsportal//iitmsite/fac/008118','\"\"'),(3,'Kaustubh Dasgupta','','CV','http://www.iitg.ac.in/civil/fac_images/Kaustubh_Dasgupta.jpg','kd@iitg.ernet.in','','[u\'Areas of Interest:\', u\'Earthquake Engineering\', u\'Design of Reinforced Concrete Structures\', u\'Retrofitting of Structures\']','[]','http://www.iitg.ac.in/kd/','Structural Engineering'),(1,'Ganesh Babu K','Prof','OE','http://photos.iitm.ac.in/byid.php?id=003049','kgbabu@iitm.ac.in','','[u\'\']','\"\"','http://www.iitm.ac.in/fsportal//iitmsite/fac/003049','\"\"'),(1,'Deepak Khemani','Prof','CS','http://photos.iitm.ac.in/byid.php?id=003116','khemani@iitm.ac.in','','[u\'Artificial Intelligence: Knowledge Representation and Reasoning, Ontologies, Case Based Reasoning, Automated Planning, Constraint Satisfaction, Natural Language Processing\']','\"\"','http://www.iitm.ac.in/fsportal//iitmsite/fac/003116','\"\"'),(1,'Sathish Kumar S R','Prof','CE','http://photos.iitm.ac.in/byid.php?id=005002','kim@iitm.ac.in','','[u\'Hot-rolled, cold-formed and steel-concrete composite structures\', u\'earthquake resistant design\', u\'seismic testing\']','\"\"','http://www.iitm.ac.in/fsportal//iitmsite/fac/005002','\"\"'),(1,'Kiran Kuchi','AP','EE','http://photos.iitm.ac.in/byid.php?id=ADF013','kirank@iitm.ac.in','','[u\'\']','\"\"','http://www.iitm.ac.in/fsportal//iitmsite/fac/ADF013','\"\"'),(2,'Kishore  Chatterjee','','EE','http://www.ee.iitb.ac.in/web//images/kishore.jpg','kishore @ee.iitb.ac.in','','[u\' Utility friendly converter topologies\', u\' Power Factor Correction techniques\', u\' STATCOM\', u\' Switched Mode Rectifiers\', u\' Electronic Ballast\', u\' Control of Electric Drives.\']','\"\"','http://www.ee.iitb.ac.in/web/faculty/homepage/kishore ','\"\"'),(1,'Kalpana K','AP','HS','http://photos.iitm.ac.in/byid.php?id=008441','kkalpana@iitm.ac.in','','[u\'\']','\"\"','http://www.iitm.ac.in/fsportal//iitmsite/fac/008441','\"\"'),(1,'Kalpana M','AP','MA','http://photos.iitm.ac.in/byid.php?id=008338','kmahalingam@iitm.ac.in','','[u\'\']','\"\"','http://www.iitm.ac.in/fsportal//iitmsite/fac/008338','\"\"'),(1,'Prabhu  K M M','ASP','EE','http://photos.iitm.ac.in/byid.php?id=002419','kmprabhu@iitm.ac.in','','[u\'\']','\"\"','http://www.iitm.ac.in/fsportal//iitmsite/fac/002419','\"\"'),(1,'Ajit Kumar Kolar','Prof','ME','http://photos.iitm.ac.in/byid.php?id=002567','kolar@iitm.ac.in','','[u\'\']','\"\"','http://www.iitm.ac.in/fsportal//iitmsite/fac/002567','\"\"'),(1,'Koshy Varghese','Prof','CE','http://photos.iitm.ac.in/byid.php?id=002795','koshy@iitm.ac.in','','[u\'\']','\"\"','http://www.iitm.ac.in/fsportal//iitmsite/fac/002795','\"\"'),(1,'Kothiyal MP','Prof','PH','http://photos.iitm.ac.in/byid.php?id=001610','kothiyal@iitm.ac.in','','[u\'Optical Instrumentation and Testing\', u\'Applied Optics\', u\'Interferometry\', u\'Speckle Techniques and TV Holography\', u\'Optical Metrology\']','\"\"','http://www.iitm.ac.in/fsportal//iitmsite/fac/001610','\"\"'),(1,'Prasad Rao K','Prof','MM','http://photos.iitm.ac.in/byid.php?id=002451','kpr@iitm.ac.in','','[u\'\']','\"\"','http://www.iitm.ac.in/fsportal//iitmsite/fac/002451','\"\"'),(1,'Karthik Raman','AP','BT','http://photos.iitm.ac.in/byid.php?id=008481','kraman@iitm.ac.in','','[u\'Design principles of biological networks\', u\'Computational systems biology\', u\'Synthetic biology\', u\'Complex systems analysis\', u\'Metabolic engineering\', u\'High-performance computing\']','\"\"','http://www.iitm.ac.in/fsportal//iitmsite/fac/008481','\"\"'),(1,'Ramesh K','Prof','AM','http://photos.iitm.ac.in/byid.php?id=005033','kramesh@iitm.ac.in','','[u\'Digital Photoelasticity\', u\'Fracture Mechanics\', u\'Computer Application in Experimental Mechanics\']','\"\"','http://www.iitm.ac.in/fsportal//iitmsite/fac/005033','\"\"'),(1,'Krishna Vasudevan','Prof','EE','http://photos.iitm.ac.in/byid.php?id=005016','krishna.vasudevan@iitm.ac.in','','[u\'Power Electronics\', u\'Motor Control\', u\'Renewable energy\']','\"\"','http://www.iitm.ac.in/fsportal//iitmsite/fac/005016','\"\"'),(1,'Ramakrishna M','Prof','AE','http://photos.iitm.ac.in/byid.php?id=002708','krishna@iitm.ac.in','','[u\'Fluid Mechanics\', u\'Numerical Methods\', u\'Computer Solutions\']','\"\"','http://www.iitm.ac.in/fsportal//iitmsite/fac/002708','\"\"'),(1,'Krishna Jagannathan','AP','EE','http://photos.iitm.ac.in/byid.php?id=008505','krishnaj@iitm.ac.in','','[u\'\']','\"\"','http://www.iitm.ac.in/fsportal//iitmsite/fac/008505','\"\"'),(1,'Krishnakannan','ASP','ME','http://photos.iitm.ac.in/byid.php?id=008246','krishnakannan@iitm.ac.in','','[u\'Macromolecular Chemistry\', u\'Modeling of vulcanization process\', u\'Plasticity\', u\'Mixture Theory\', u\'Aging of Polymeric Materials\', u\'Elasticity\', u\'Thermodynamics\', u\'Mathematical Modeling of the behavior of Materials\', u\'Mathematical modeling of Crys','\"\"','http://www.iitm.ac.in/fsportal//iitmsite/fac/008246','\"\"'),(2,'Krishna S','','CS','','krishnas@cs.iitb.ac.in','','[u\' Formal Methods\', u\' Bio-inspired Computing\']','\"\"','http://www.cse.iitb.ac.in/~krishnas','\"\"'),(1,'Krishna S','AP','EE','http://photos.iitm.ac.in/byid.php?id=008329','krishnas@iitm.ac.in','','[u\'Power System Stability Analysis and Control\']','\"\"','http://www.iitm.ac.in/fsportal//iitmsite/fac/008329','\"\"'),(1,'Kristin Steger','Prof','BT','http://photos.iitm.ac.in/byid.php?id=v01153','kristins@iitm.ac.in','','[u\'\']','\"\"','http://www.iitm.ac.in/fsportal//iitmsite/fac/v01153','\"\"'),(2,'Krithi Ramamritham','','CS','','krithi@cs.iitb.ac.in','','[u\' Real time systems\', u\' Databases.\']','\"\"','http://www.cse.iitb.ac.in/~krithi','\"\"'),(1,'Sethupathi K','Prof','PH','http://photos.iitm.ac.in/byid.php?id=002735','ksethu@iitm.ac.in','','[u\'Superconductivity,\', u\'Low Temperature Physics,\', u\'Magnetism and Magnetic Materials\']','\"\"','http://www.iitm.ac.in/fsportal//iitmsite/fac/002735','\"\"'),(1,'Srinivasa Reddy K','Prof','ME','http://photos.iitm.ac.in/byid.php?id=008116','ksreddy@iitm.ac.in','','[u\'Power Plant Engineering\', u\'Energy &amp; Environment\', u\'Heat Transfer in Two-Phase Systems\', u\'Solar Energy\']','\"\"','http://www.iitm.ac.in/fsportal//iitmsite/fac/008116','\"\"'),(1,'Srinivasan K','Prof','ME','http://photos.iitm.ac.in/byid.php?id=008167','ksri@iitm.ac.in','','[u\'Resonant Acoustics\', u\'Jet Noise\', u\'Active and Passive Control of Flow\', u\'Noise pollution mitigation\']','\"\"','http://www.iitm.ac.in/fsportal//iitmsite/fac/008167','\"\"'),(1,'Srinivasan K','Prof','CE','http://photos.iitm.ac.in/byid.php?id=002797','ksrini@iitm.ac.in','','[u\'\']','\"\"','http://www.iitm.ac.in/fsportal//iitmsite/fac/002797','\"\"'),(1,'Swarup K S','Prof','EE','http://photos.iitm.ac.in/byid.php?id=005030','ksswarup@iitm.ac.in','','[u\'Computer Modeling, Simulation, Analysis of Electrical Power Systems \r\nNumerical Optimization of Power Systems \r\nDigital and Numerical Protection of Power Systems \r\nSubstation and Distribution System Automation \r\nEnergy management Systems and SCADA\']','\"\"','http://www.iitm.ac.in/fsportal//iitmsite/fac/005030','\"\"'),(1,'Kunal Krishna Mukherjee','AP','MA','http://photos.iitm.ac.in/byid.php?id=008573','kunal@iitm.ac.in','','[u\'\']','\"\"','http://www.iitm.ac.in/fsportal//iitmsite/fac/008573','\"\"'),(1,'Job Kurian','Prof','AE','http://photos.iitm.ac.in/byid.php?id=002710','kurian@iitm.ac.in','','[u\'Low density flows\', u\'High Mach number,high enthalpy flows\', u\'Shock tube flows &amp; measurements\', u\'Gas Dynamics\', u\'Suprsonic jets, their mixing and interaction\', u\'Supersonic flow over cavities\', u\'Fuel injection strategies for high speed combusto','\"\"','http://www.iitm.ac.in/fsportal//iitmsite/fac/002710','\"\"'),(1,'Vidyasagar K','Prof','CY','http://photos.iitm.ac.in/byid.php?id=002515','kvsagar@iitm.ac.in','','[u\'\']','\"\"','http://www.iitm.ac.in/fsportal//iitmsite/fac/002515','\"\"'),(2,'Apurba  Laha','','EE','http://www.ee.iitb.ac.in/web//images/laha.jpg','laha@ee.iitb.ac.in','','[u\' Oxide based electronics: Epitaxial rare earth oxides (high-K dielectrics) on Si\', u\' Ge and SiGe substrates for gate dielectric application in next generation CMOS\', u\' oxide heterostructures. \', u\' Si\', u\' Ge and SiGe based Nanostructure for photonic','\"\"','http://www.ee.iitb.ac.in/web/faculty/homepage/laha','\"\"'),(1,'Lakshmana Rao C','Prof','AM','http://photos.iitm.ac.in/byid.php?id=002490','lakshman@iitm.ac.in','','[u\'Buckling Control using Smart Materials\', u\'Ballistic Impact\', u\'Numerical modeling of brittle fracture\']','\"\"','http://www.iitm.ac.in/fsportal//iitmsite/fac/002490','\"\"'),(1,'Lakshminarasamma N','AP','EE','http://photos.iitm.ac.in/byid.php?id=008426','lakshmin@iitm.ac.in','','[u\'Power Electronics, High Efficient High power density Power Supplies for telecom and space applications, Solar PV and Renewable Energy Applications.\']','\"\"','http://www.iitm.ac.in/fsportal//iitmsite/fac/008426','\"\"'),(1,'Lata Dyaram','AP','MS','http://photos.iitm.ac.in/byid.php?id=008499','lata.dyaram@iitm.ac.in','','[u\'Organizational Behaviour, Leadership Development, Organization Development, Cognition in Organizations, Personal Effectiveness\']','\"\"','http://www.iitm.ac.in/fsportal//iitmsite/fac/008499','\"\"'),(1,'Jim Libby','ASP','PH','http://photos.iitm.ac.in/byid.php?id=008356','libby@iitm.ac.in','','[u\'\']','\"\"','http://www.iitm.ac.in/fsportal//iitmsite/fac/008356','\"\"'),(1,'Ligy Philip','Prof','CE','http://photos.iitm.ac.in/byid.php?id=005036','ligy@iitm.ac.in','','[u\'\']','\"\"','http://www.iitm.ac.in/fsportal//iitmsite/fac/005036','\"\"'),(1,'Prakash Sai L','Prof','MS','http://photos.iitm.ac.in/byid.php?id=008352','lps@iitm.ac.in','','[u\'\']','\"\"','http://www.iitm.ac.in/fsportal//iitmsite/fac/008352','\"\"'),(1,'Ganesh L S','Prof','MS','http://photos.iitm.ac.in/byid.php?id=002761','lsg@iitm.ac.in','','[u\'\']','\"\"','http://www.iitm.ac.in/fsportal//iitmsite/fac/002761','\"\"'),(1,'Luoyi Tao','Prof','AE','http://photos.iitm.ac.in/byid.php?id=008269','luoyitao@iitm.ac.in','','[u\'\']','\"\"','http://www.iitm.ac.in/fsportal//iitmsite/fac/008269','\"\"'),(1,'Vijayaraghavan L','Prof','ME','http://photos.iitm.ac.in/byid.php?id=002584','lvijay@iitm.ac.in','','[u\'\']','\"\"','http://www.iitm.ac.in/fsportal//iitmsite/fac/002584','\"\"'),(3,'Teiborlang L. Ryntathiang','','CV','http://www.iitg.ac.in/civil/fac_images/T_R_Lyngdoh.jpg','lyngdoh@iitg.ernet.in','','[u\'Areas of Interest:\', u\'Pavement Materials\', u\'Precast Concrete Block Pavement\', u\'Cast In-Situ Concrete Block Pavement\']','[]','http://www.iitg.ac.in/lyngdoh/','Transportation Engineering'),(2,'Madhav P. Desai','','EE','http://www.ee.iitb.ac.in/web//images/madhav.jpg','madhav @ee.iitb.ac.in','','[u\' VLSI Circuits and Systems\', u\' VLSI design and design automation\', u\' Graph theory and combinatorics.\']','\"\"','http://www.ee.iitb.ac.in/web/faculty/homepage/madhav ','\"\"'),(1,'Mahalingam S','Prof','BT','http://photos.iitm.ac.in/byid.php?id=008287','mahalingam@iitm.ac.in','','[u\'\']','\"\"','http://www.iitm.ac.in/fsportal//iitmsite/fac/008287','\"\"'),(1,'Mahesh Kumar','Prof','EE','http://photos.iitm.ac.in/byid.php?id=008133','maheshk@iitm.ac.in','','[u\'Power distribution network\', u\'Power quality monitoring, analysisand interpretation\', u\'Power electronics application in power system\', u\'Custom power devices, DSTATCOM, DVR, UPQC etc.\']','\"\"','http://www.iitm.ac.in/fsportal//iitmsite/fac/008133','\"\"'),(1,'Srinivasa Rao Manam','AP','MA','http://photos.iitm.ac.in/byid.php?id=008312','manam@iitm.ac.in','','[u\'Differential and Integral Equations, Hydrodynamics\']','\"\"','http://www.iitm.ac.in/fsportal//iitmsite/fac/008312','\"\"'),(1,'Manas Mukherjee','AP','MM','http://photos.iitm.ac.in/byid.php?id=008520','manas.mukherjee@iitm.ac.in','','[u\'Metal foams - processing and characterization\', u\'Physics of metal foaming\', u\'X-ray tomography-based structural analysis\']','\"\"','http://www.iitm.ac.in/fsportal//iitmsite/fac/008520','\"\"'),(1,'Mangala Sunder K','Prof','CY','http://photos.iitm.ac.in/byid.php?id=002500','mangal@iitm.ac.in','','[u\'Theoretical Spectroscopy:\', u\'High Resolution Molecular and Magnetic Resonance Spectra\', u\'Quantum Information Processing\', u\'Computational Chemistry\']','\"\"','http://www.iitm.ac.in/fsportal//iitmsite/fac/002500','\"\"'),(1,'Manivannan M','ASP','AM','http://photos.iitm.ac.in/byid.php?id=008206','mani@iitm.ac.in','','[u\'Haptics\', u\'Medical Simulation\', u\'Virtual Reality\', u\'Computational Physiology.\']','\"\"','http://www.iitm.ac.in/fsportal//iitmsite/fac/008206','\"\"'),(1,'Mani A','Prof','ME','http://photos.iitm.ac.in/byid.php?id=002994','mania@iitm.ac.in','','[u\'Compression refrigeration, Absorption refrigeration, Jet refrigeration, Solar energy, Desalination, Effluent concentration system, Heat pipe, Heat and mass transfer, cooling tower, alternate refrigerant,\']','\"\"','http://www.iitm.ac.in/fsportal//iitmsite/fac/002994','\"\"'),(1,'Subramanian V','Prof','PH','http://photos.iitm.ac.in/byid.php?id=005023','manianvs@iitm.ac.in','','[u\'Microwave Techniques\', u\'Microwave Non-destructive Evaluation\', u\'Microwave far and near field imaging\r\nFerroelectrics\', u\'Microwave Band gap Structures\', u\'Metamaterials\', u\'Microwave Devices\']','\"\"','http://www.iitm.ac.in/fsportal//iitmsite/fac/005023','\"\"'),(1,'Mathur Sankaranarayanan Manikandan','AP','AE','http://photos.iitm.ac.in/byid.php?id=008563','manims@iitm.ac.in','','[u\'\']','\"\"','http://www.iitm.ac.in/fsportal//iitmsite/fac/008563','\"\"'),(1,'Manoj Gopalakrishnan','AP','PH','http://photos.iitm.ac.in/byid.php?id=008345','manojgopal@iitm.ac.in','','[u\'Statistical Mechanics\', u\'Stochastic processes\', u\'Biological Physics\']','\"\"','http://www.iitm.ac.in/fsportal//iitmsite/fac/008345','\"\"'),(1,'Manu Jaiswal','AP','PH','http://photos.iitm.ac.in/byid.php?id=008508','manu.jaiswal@iitm.ac.in','','[u\'GRAPHENE\', u\'CARBON NANOTUBES\', u\'MESOSCOPIC PHYSICS\', u\'CONDUCTING POLYMERS\', u\'CARBON ELECTRONICS\', u\'LOW TEMPERATURE PHYSICS\', u\'LITHOGRAPHY\']','\"\"','http://www.iitm.ac.in/fsportal//iitmsite/fac/008508','\"\"'),(1,'Subrahmanyam A','Prof','PH','http://photos.iitm.ac.in/byid.php?id=001601','manu@iitm.ac.in','','[u\'\']','\"\"','http://www.iitm.ac.in/fsportal//iitmsite/fac/001601','\"\"'),(1,'Manu Santhanam','Prof','CE','http://photos.iitm.ac.in/byid.php?id=008100','manus@iitm.ac.in','','[u\'Special Concrete and Admixtures\', u\'Durability\', u\'Non-destructive Evaluation\', u\'Cement Chemistry\']','\"\"','http://www.iitm.ac.in/fsportal//iitmsite/fac/008100','\"\"'),(1,'Markandeyulu G','Prof','PH','http://photos.iitm.ac.in/byid.php?id=002632','mark@iitm.ac.in','','[u\'\']','\"\"','http://www.iitm.ac.in/fsportal//iitmsite/fac/002632','\"\"'),(1,'Ashwin Mahalingam','AP','CE','http://photos.iitm.ac.in/byid.php?id=008276','mash@iitm.ac.in','','[u\'\']','\"\"','http://www.iitm.ac.in/fsportal//iitmsite/fac/008276','\"\"'),(1,'Mathangi Krishnamurthy','AP','HS','http://photos.iitm.ac.in/byid.php?id=008568','mathangi@iitm.ac.in','','[u\'\']','\"\"','http://www.iitm.ac.in/fsportal//iitmsite/fac/008568','\"\"'),(3,'Akhilesh Kumar Maurya','','CV','http://www.iitg.ac.in/civil/fac_images/Akhilesh_Kumar_Maurya.jpg','maurya@iitg.ernet.in','','[u\'Areas of Interest:\', u\'Driver behaviour\', u\'Traffic flow theory and modeling\', u\'Traffic engineering\']','[]','http://www.iitg.ac.in/maurya/','Transportation Engineering'),(1,'Mayuram M M','Prof','ME','http://photos.iitm.ac.in/byid.php?id=002595','mayuram@iitm.ac.in','','[u\'\']','\"\"','http://www.iitm.ac.in/fsportal//iitmsite/fac/002595','\"\"'),(1,'Balasubramanian M','Prof','MM','http://photos.iitm.ac.in/byid.php?id=005031','mbala@iitm.ac.in','','[u\'Advanced ceramics &amp; composites\']','\"\"','http://www.iitm.ac.in/fsportal//iitmsite/fac/005031','\"\"'),(2,'Mahesh B. Patil','','EE','http://www.ee.iitb.ac.in/web//images/prof.mbpatil_.jpg','mbpatil@ee.iitb.ac.in','','[u\' Circuit simulation\nSemiconductor device modelling and simulation\nReal-time simulation of power electronic     circuits and systems.\']','\"\"','http://www.ee.iitb.ac.in/web/faculty/homepage/mbpatil','\"\"'),(1,'Madhulika Dixit','AP','BT','http://photos.iitm.ac.in/byid.php?id=008304','mdixit@iitm.ac.in','','[u\'\']','\"\"','http://www.iitm.ac.in/fsportal//iitmsite/fac/008304','\"\"'),(1,'Malathy D','Prof','HS','http://photos.iitm.ac.in/byid.php?id=002767','mdurai@iitm.ac.in','','[u\'\']','\"\"','http://www.iitm.ac.in/fsportal//iitmsite/fac/002767','\"\"'),(2,'Shabbir  Merchant','','EE','http://www.ee.iitb.ac.in/web//images/merchant.jpg','merchant@ee.iitb.ac.in','','[u\' Signal Processing\', u\' Adaptive Signal Processing.\']','\"\"','http://www.ee.iitb.ac.in/web/faculty/homepage/merchant','\"\"'),(1,'Murthy H S N','ASP','AE','http://photos.iitm.ac.in/byid.php?id=008192','mhsn@iitm.ac.in','','[u\'Tribology (contact mechanics, Fretting Fatigue, wear and lubrication)\', u\'Damage Mechanisms in metals, composites and visco-elastic materials (fatigue and fracture)\']','\"\"','http://www.iitm.ac.in/fsportal//iitmsite/fac/008192','\"\"'),(1,'Mishra  A K','Prof','CY','http://photos.iitm.ac.in/byid.php?id=002502','mishra@iitm.ac.in','','[u\'Fluorescent molecular probes for micro- and nano-scale organized systems\', u\'Excited state prototropism and its applications\', u\'Synchronous and excitation-emission-matrix fluorescence spectroscopy\', u\'Fluorescence based sensors\']','\"\"','http://www.iitm.ac.in/fsportal//iitmsite/fac/002502','\"\"'),(3,'Manish Kumar Goyal','','CV','http://www.iitg.ac.in/civil/fac_images/Manish_Kumar_Goyal.jpg','mkgoyal@iitg.ernet.in','','[u\'Areas of Interest:\', u\'Stochastic Hydrology and Distributed Hydrological Modeling\', u\'Hydro-climatology and Statistical Downscaling\', u\'Irrigation Management and Crop Modeling Applications\', u\'Multivariate Statistical Analysis, Machine Learning Models ','[]','http://www.iitg.ac.in/mkgoyal/','Water Resource Engineering'),(1,'Mahaveer Kumar Jain','ASP','PH','http://photos.iitm.ac.in/byid.php?id=008107','mkjain@iitm.ac.in','','[u\'\']','\"\"','http://www.iitm.ac.in/fsportal//iitmsite/fac/008107','\"\"'),(1,'Muraleedharan K M','ASP','CY','http://photos.iitm.ac.in/byid.php?id=008249','mkm@iitm.ac.in','','[u\'\']','\"\"','http://www.iitm.ac.in/fsportal//iitmsite/fac/008249','\"\"'),(1,'Sudheendra Rao M N','Prof','CY','http://photos.iitm.ac.in/byid.php?id=002537','mnsrao@iitm.ac.in','','[u\'\']','\"\"','http://www.iitm.ac.in/fsportal//iitmsite/fac/002537','\"\"'),(1,'Mohanasankar S','AP','EE','http://photos.iitm.ac.in/byid.php?id=008429','mohanasankar@iitm.ac.in','','[u\'\']','\"\"','http://www.iitm.ac.in/fsportal//iitmsite/fac/008429','\"\"'),(1,'Chandramouli P','Prof','ME','http://photos.iitm.ac.in/byid.php?id=000340','mouli@iitm.ac.in','','[u\'Non-linear Dynamics\', u\'Vibration and Noise Control\', u\'Fluid-Structure-Acoustic Interactions\']','\"\"','http://www.iitm.ac.in/fsportal//iitmsite/fac/000340','\"\"'),(1,'Manoj Pandey','AP','ME','http://photos.iitm.ac.in/byid.php?id=008560','mpandey@iitm.ac.in','','[u\'Nonlinear dynamics of MEMS\', u\'Finite Element based multiscale modeling and Homogenization of honeycomb structures\', u\'Fluid Structure Interation in MEMS\']','\"\"','http://www.iitm.ac.in/fsportal//iitmsite/fac/008560','\"\"'),(1,'Ganesh M P','AP','MS','http://photos.iitm.ac.in/byid.php?id=008341','mpganesh@iitm.ac.in','','[u\'\']','\"\"','http://www.iitm.ac.in/fsportal//iitmsite/fac/008341','\"\"'),(1,'Prakash Maiya M','Prof','ME','http://photos.iitm.ac.in/byid.php?id=002570','mpmaiya@iitm.ac.in','','[u\'\']','\"\"','http://www.iitm.ac.in/fsportal//iitmsite/fac/002570','\"\"'),(1,'Ramanathan M','AP','ED','http://photos.iitm.ac.in/byid.php?id=008330','mraman@iitm.ac.in','','[u\'Computer Vision\', u\'Computational Geometry\', u\'Computer Graphics\', u\'Computational Biology\', u\'Geometric Modelling\']','\"\"','http://www.iitm.ac.in/fsportal//iitmsite/fac/008330','\"\"'),(2,'Maryam  Shojaei Baghini','','EE','http://www.ee.iitb.ac.in/web//images/mshojaei.jpg','mshojaei@ee.iitb.ac.in','','[u\' Technology-aware design (device circuit co-design)\', u\'  integrated circuits and system design with emerging devices\', u\' Analog/Mixed-signal VLSI design and test\n(SoC\', u\' LV\', u\' LP\', u\' LE\', u\' Biomedical/Biosensors\', u\' Bio-inspired circuits and s','\"\"','http://www.ee.iitb.ac.in/web/faculty/homepage/mshojaei','\"\"'),(1,'Singaperumal M','Prof','ME','http://photos.iitm.ac.in/byid.php?id=e01157','msingam@iitm.ac.in','','[u\'\']','\"\"','http://www.iitm.ac.in/fsportal//iitmsite/fac/e01157','\"\"'),(1,'Ramachandra  Rao MS','Prof','PH','http://photos.iitm.ac.in/byid.php?id=002720','msrrao@iitm.ac.in','','[u\'\']','\"\"','http://www.iitm.ac.in/fsportal//iitmsite/fac/002720','\"\"'),(1,'Sivakumar M S','Prof','AM','http://photos.iitm.ac.in/byid.php?id=002488','mssiva@iitm.ac.in','','[u\'smart materials\', u\'inelasticity book website: http://inelasticity.wikidot.com/\', u\'Constitutive modeling\']','\"\"','http://www.iitm.ac.in/fsportal//iitmsite/fac/002488','\"\"'),(1,'Thenmozhi M','Prof','MS','http://photos.iitm.ac.in/byid.php?id=005004','mtm@iitm.ac.in','','[u\'\']','\"\"','http://www.iitm.ac.in/fsportal//iitmsite/fac/005004','\"\"'),(1,'Thamban Nair M','Prof','MA','http://photos.iitm.ac.in/byid.php?id=002604','mtnair@iitm.ac.in','','[u\'Applicable Functional Analysis: Spectral Approximation, Operator Equations, Inverse &amp; Ill-Posed Problems\']','\"\"','http://www.iitm.ac.in/fsportal//iitmsite/fac/002604','\"\"'),(1,'Zlotea Mugurel Dan','AP','HS','http://photos.iitm.ac.in/byid.php?id=V01155','mugurelzlotea@iitm.ac.in','','[u\'\']','\"\"','http://www.iitm.ac.in/fsportal//iitmsite/fac/V01155','\"\"'),(1,'Doble Mukesh','Prof','BT','http://photos.iitm.ac.in/byid.php?id=008162','mukeshd@iitm.ac.in','','[u\'Biostatistics and Six Sigma\', u\'Bioreactors\', u\'Drug Design\', u\'Biomaterials and Bioflim\', u\'Scale up, Chemical process\', u\'Molecular modelling and Bioinformatics\']','\"\"','http://www.iitm.ac.in/fsportal//iitmsite/fac/008162','\"\"'),(2,'Mukul C. Chandorkar','','EE','http://www.ee.iitb.ac.in/web//images/mcc_ny_small.jpg','mukul @ee.iitb.ac.in','','None','\"\"','http://www.ee.iitb.ac.in/web/faculty/homepage/mukul ','\"\"'),(1,'Murali K','Prof','OE','http://photos.iitm.ac.in/byid.php?id=008130','murali@iitm.ac.in','','[u\'Computational Hydrodynamics\', u\'Multiphase flow simulations\', u\'Free-surface flows\', u\'Fluid Structure Interaction\', u\'Greenbelt design\']','\"\"','http://www.iitm.ac.in/fsportal//iitmsite/fac/008130','\"\"'),(1,'Murali Gururajan','AP','BT','http://photos.iitm.ac.in/byid.php?id=008526','muralig@iitm.ac.in','','[u\'\']','\"\"','http://www.iitm.ac.in/fsportal//iitmsite/fac/008526','\"\"'),(1,'Muruganandam T M','ASP','AE','http://photos.iitm.ac.in/byid.php?id=008241','murgi@iitm.ac.in','','[u\'Combustion Stabilisation\', u\'Dynamics near bifurcations\', u\'High speed flows\']','\"\"','http://www.iitm.ac.in/fsportal//iitmsite/fac/008241','\"\"'),(1,'Siva Ram Murthy C','Prof','CS','http://photos.iitm.ac.in/byid.php?id=003120','murthy@iitm.ac.in','','[u\'\']','\"\"','http://www.iitm.ac.in/fsportal//iitmsite/fac/003120','\"\"'),(1,'Murty B S','Prof','MM','http://photos.iitm.ac.in/byid.php?id=008163','murty@iitm.ac.in','','[u\'particulate technologies\', u\'grain refinement\', u\'Nanocrystalline materials\', u\'bulk metallic glasses\', u\'composites\', u\'thermodynamics and kinetics of phase transformations\', u\'transmission electron microscopy\', u\'non-equilibrium processing\']','\"\"','http://www.iitm.ac.in/fsportal//iitmsite/fac/008163','\"\"'),(1,'Murugavel P','AP','PH','http://photos.iitm.ac.in/byid.php?id=008268','muruga@iitm.ac.in','','[u\'Thin films\', u\'Ferroelectricity\', u\'Magnetoelectric oxides\', u\'Multifunctional oxides\']','\"\"','http://www.iitm.ac.in/fsportal//iitmsite/fac/008268','\"\"'),(1,'Madhu Mutyam','ASP','CS','http://photos.iitm.ac.in/byid.php?id=008311','mutyam@iitm.ac.in','','[u\'Computer Architecture\', u\'VLSI CAD\']','\"\"','http://www.iitm.ac.in/fsportal//iitmsite/fac/008311','\"\"'),(1,'Mahesh Panchagnula','ASP','AM','http://photos.iitm.ac.in/byid.php?id=008445','mvp@iitm.ac.in','','[u\'Atomization and spray combustion\', u\'Surface tension phenomena\', u\'Multiphase flows\']','\"\"','http://www.iitm.ac.in/fsportal//iitmsite/fac/008445','\"\"'),(1,'Satyanarayana MV','Prof','PH','http://photos.iitm.ac.in/byid.php?id=002723','mvs@iitm.ac.in','','[u\'\']','\"\"','http://www.iitm.ac.in/fsportal//iitmsite/fac/002723','\"\"'),(2,'Mythili Vutukuru','','CS','','mythili@cs.iitb.ac.in','','[u\' Computer Networking\', u\' Wireless Communication\', u\' Distributed Systems\', u\' Network Security\']','\"\"','http://www.cse.iitb.ac.in/~mythili','\"\"'),(1,'Narasimhan Swaminathan','AP','ME','http://photos.iitm.ac.in/byid.php?id=008519','n.swaminathan@iitm.ac.in','','[u\'Radiation damage (Atomistic to Continuum)\', u\'Material properties using atomistic methods\', u\'Finite Element Method\', u\'Fuel cell materials\', u\'Thermodynamic modeling of multiphysics phenomenon\']','\"\"','http://www.iitm.ac.in/fsportal//iitmsite/fac/008519','\"\"'),(1,'Nagarajan R','Prof','CH','http://photos.iitm.ac.in/byid.php?id=008158','nag@iitm.ac.in','','[u\'\']','\"\"','http://www.iitm.ac.in/fsportal//iitmsite/fac/008158','\"\"'),(1,'Nagendra Krishnapura','ASP','EE','http://photos.iitm.ac.in/byid.php?id=008207','nagendra@iitm.ac.in','','[u\'Analog integrated circuit design\', u\'RF integrated circuit design\', u\'Analog signal processing\', u\'Circuits and systems education\']','\"\"','http://www.iitm.ac.in/fsportal//iitmsite/fac/008207','\"\"'),(1,'Nallayarasu S','Prof','OE','http://photos.iitm.ac.in/byid.php?id=008228','nallay@iitm.ac.in','','[u\'Deep water exploration\', u\'Analysis and Design of Offshore Structures\', u\'Offshore Wind Energy\', u\'Submarine pipeline and risers\']','\"\"','http://www.iitm.ac.in/fsportal//iitmsite/fac/008228','\"\"'),(1,'Nandita Das Gupta','Prof','EE','http://photos.iitm.ac.in/byid.php?id=002398','nand@iitm.ac.in','','[u\'\']','\"\"','http://www.iitm.ac.in/fsportal//iitmsite/fac/002398','\"\"'),(1,'Ranjit Kumar Nanda','AP','PH','http://photos.iitm.ac.in/byid.php?id=008488','nandab@iitm.ac.in','','[u\'\']','\"\"','http://www.iitm.ac.in/fsportal//iitmsite/fac/008488','\"\"'),(1,'Nandan Kumar Sinha','ASP','AE','http://photos.iitm.ac.in/byid.php?id=008236','nandanks@iitm.ac.in','','[u\'High-Angle-of-Attack Aircraft Flight Dynamics\', u\'Advanced Six DOF Simulation\', u\'Modeling, Simulation and Control of Nonlinear Flight Phenomena\', u\'Aircraft Design\', u\'Flapping Wing MAV\', u\'Nonlinear Dynamics and Control\', u\'Bifurcation Theory and Con','\"\"','http://www.iitm.ac.in/fsportal//iitmsite/fac/008236','\"\"'),(1,'Nandita M','AP','CY','http://photos.iitm.ac.in/byid.php?id=008355','nanditam@iitm.ac.in','','[u\'Organic Synthesis\', u\'Bio-materials\', u\'Peptide Synthesis\']','\"\"','http://www.iitm.ac.in/fsportal//iitmsite/fac/008355','\"\"'),(1,'Shankar Narasimhan S','Prof','CH','http://photos.iitm.ac.in/byid.php?id=002635','naras@iitm.ac.in','','[u\'Fault Diagnosis and Control\', u\'Process Optimization\', u\'Data Mining\', u\'Process Design\']','\"\"','http://www.iitm.ac.in/fsportal//iitmsite/fac/002635','\"\"'),(1,'Narayanan S','Prof','ME','http://photos.iitm.ac.in/byid.php?id=e01141','narayans@iitm.ac.in','','[u\'\']','\"\"','http://www.iitm.ac.in/fsportal//iitmsite/fac/e01141','\"\"'),(1,'Narayanan N','AP','MA','http://photos.iitm.ac.in/byid.php?id=008570','naru@iitm.ac.in','','[u\'\']','\"\"','http://www.iitm.ac.in/fsportal//iitmsite/fac/008570','\"\"'),(1,'Balaji Narasimhan','AP','CE','http://photos.iitm.ac.in/byid.php?id=008310','nbalaji@iitm.ac.in','','[u\'Hydrologic and water quality Modeling\', u\'Non-point source pollution transport\', u\'GIS and Remote Sensing\']','\"\"','http://www.iitm.ac.in/fsportal//iitmsite/fac/008310','\"\"'),(1,'Chandrakumar N','Prof','CY','http://photos.iitm.ac.in/byid.php?id=008030','nckumar@iitm.ac.in','','[u\'\']','\"\"','http://www.iitm.ac.in/fsportal//iitmsite/fac/008030','\"\"'),(1,'Neelesh S Upadhye','AP','MA','http://photos.iitm.ac.in/byid.php?id=008558','neelesh@iitm.ac.in','','[u\'\']','\"\"','http://www.iitm.ac.in/fsportal//iitmsite/fac/008558','\"\"'),(1,'Ganesan N','Prof','ME','http://photos.iitm.ac.in/byid.php?id=e01158','nganesan@iitm.ac.in','','[u\'\']','\"\"','http://www.iitm.ac.in/fsportal//iitmsite/fac/e01158','\"\"'),(1,'Harish Kumar N','ASP','PH','http://photos.iitm.ac.in/byid.php?id=008125','nhk@iitm.ac.in','','[u\'Instrumentation and Automation\', u\'Superconductivity\', u\'Magnetoelectronic Materials\']','\"\"','http://www.iitm.ac.in/fsportal//iitmsite/fac/008125','\"\"'),(1,'Nilanjan Saha','AP','OE','http://photos.iitm.ac.in/byid.php?id=008460','nilanjan@iitm.ac.in','','[u\'Stochastic processes, filtering and identification.\', u\'Nonlinear methods in ocean engineering.\', u\'Dynamics of offshore structures.\', u\'Offshore wind and wave energy.\', u\'Offshore soil-structure interaction.\', u\'Extreme value statistics and fatigue.\']','\"\"','http://www.iitm.ac.in/fsportal//iitmsite/fac/008460','\"\"'),(1,'Nirmala R','ASP','PH','http://photos.iitm.ac.in/byid.php?id=008308','nirmala@iitm.ac.in','','[u\'Experimental Condensed Matter Physics: Rare earth intermetallics and Alloys, Magnetism and Material properties at low temperatures\']','\"\"','http://www.iitm.ac.in/fsportal//iitmsite/fac/008308','\"\"'),(1,'Nitin Chandrachoodan','ASP','EE','http://photos.iitm.ac.in/byid.php?id=008155','nitin@iitm.ac.in','','[u\'Digital Systems implementation\', u\'VLSI for Digital Signal Processing\', u\'FPGA based accelerators\']','\"\"','http://www.iitm.ac.in/fsportal//iitmsite/fac/008155','\"\"'),(1,'Nilesh Jayantilal Vasa','Prof','ED','http://photos.iitm.ac.in/byid.php?id=008230','njvasa@iitm.ac.in','','[u\'Optoelectronics\', u\'Remote Sensing\', u\'Laser Based Sensing\', u\'Micro-manufacturing\', u\'MEMS\']','\"\"','http://www.iitm.ac.in/fsportal//iitmsite/fac/008230','\"\"'),(1,'Lakshman Neelakantan','AP','MM','http://photos.iitm.ac.in/byid.php?id=008516','nlakshman@iitm.ac.in','','[u\'Corrosion characteristics of engineering materials and coatings\', u\'Electrochemical behaviour of NiTi, NiTi-X shape memory alloys (SMAs)\', u\'Smart coatings for corrosion protection\', u\'Electro-dissolution, -planarization and -deposition\', u\'Micro and m','\"\"','http://www.iitm.ac.in/fsportal//iitmsite/fac/008516','\"\"'),(2,'Nandlal L. Sarda','','CS','','nls@cs.iitb.ac.in','','[u\'  Databases\', u\' Information Systems\', u\' Software Engineering\']','\"\"','http://www.cse.iitb.ac.in/~nls','\"\"'),(1,'Nitish R Mahapatra','ASP','BT','http://photos.iitm.ac.in/byid.php?id=008289','nmahapatra@iitm.ac.in','','[u\'Cardiovascular Genetics\', u\'Gene Regulation\', u\'Functional Genomics\', u\'Molecular Medicine\']','\"\"','http://www.iitm.ac.in/fsportal//iitmsite/fac/008289','\"\"'),(1,'Manoj N','ASP','BT','http://photos.iitm.ac.in/byid.php?id=008179','nmanoj@iitm.ac.in','','[u\'Protein Structure and Function\', u\'Molecular evolution\', u\'Enzymology\']','\"\"','http://www.iitm.ac.in/fsportal//iitmsite/fac/008179','\"\"'),(1,'Murthy N N','Prof','CY','http://photos.iitm.ac.in/byid.php?id=000224','nnmurthy@iitm.ac.in','','[u\'\']','\"\"','http://www.iitm.ac.in/fsportal//iitmsite/fac/000224','\"\"'),(1,'Raghavan N','AP','CE','http://photos.iitm.ac.in/byid.php?id=V01163','nraghavan@iitm.ac.in','','[u\'\']','\"\"','http://www.iitm.ac.in/fsportal//iitmsite/fac/V01163','\"\"'),(1,'Ramesh Babu N','Prof','ME','http://photos.iitm.ac.in/byid.php?id=002575','nrbabu@iitm.ac.in','','[u\'Laser beam machining (LBM)\', u\'Abrasive Finishing Process\', u\'Abrasive Waterjet Machining (AWJM)\', u\'Process modeling\', u\'Computer Aided Manufacturing, CNC, PLC\']','\"\"','http://www.iitm.ac.in/fsportal//iitmsite/fac/002575','\"\"'),(1,'Sitaram N','Prof','ME','http://photos.iitm.ac.in/byid.php?id=002541','nsitaram@iitm.ac.in','','[u\'Themal Turbomachines\']','\"\"','http://www.iitm.ac.in/fsportal//iitmsite/fac/002541','\"\"'),(2,'Nutan Limaye','','CS','','nutan@cs.iitb.ac.in','','[u\' Algorithms and Complexity Theory\']','\"\"','http://www.cse.iitb.ac.in/~nutan','\"\"'),(1,'Krishna Nandivada V','AP','CS','http://photos.iitm.ac.in/byid.php?id=008501','nvk@iitm.ac.in','','[u\'Compilers, Program Analysis, Programming Languages, Mobile Systems, Multicore systems\']','\"\"','http://www.iitm.ac.in/fsportal//iitmsite/fac/008501','\"\"'),(1,'Ravikumar N V','ASP','MM','http://photos.iitm.ac.in/byid.php?id=008275','nvrk@iitm.ac.in','','[u\'Biofouling &amp; Marine Biomaterials (Understanding Adhesion Mechanisms, Understanding the Structural Hierarchy, Mechanical Behavior)\', u\'Object Oriented Finite Element Programming to Predict Macroscopic Properties from 2D Microstructures\', u\'Processin','\"\"','http://www.iitm.ac.in/fsportal//iitmsite/fac/008275','\"\"'),(1,'Prahallad Padhan','AP','PH','http://photos.iitm.ac.in/byid.php?id=008339','padhan@iitm.ac.in','','[u\'Transition metal oxides :\', u\'. . . . . . . . . . . . Nanowires\', u\'. . . . . . . . . . . . Nanocrystals\', u\'. . . . . . . . . . . . Multilayer structures\', u\'. . . . . . . . . . . . Thin films\', u\'. . . . . . . . . . . . Tunnel junction\', u\'. . . . . ','\"\"','http://www.iitm.ac.in/fsportal//iitmsite/fac/008339','\"\"'),(1,'Palaniappan Ramu','AP','ED','http://photos.iitm.ac.in/byid.php?id=008397','palramu@iitm.ac.in','','[u\'Application of statistical and probabilistic techniques for engineering design under uncertainties\', u\'Risk/Reliability based engineering design\', u\'Surrogate based modeling and analysis\', u\'Optimization\']','\"\"','http://www.iitm.ac.in/fsportal//iitmsite/fac/008397','\"\"'),(1,'Panchapakesan N R','ASP','AE','http://photos.iitm.ac.in/byid.php?id=008150','panch@iitm.ac.in','','[u\'Fluid Mechanics\', u\'Stability and Transition of Fluid Flows\', u\'Turbulence\']','\"\"','http://www.iitm.ac.in/fsportal//iitmsite/fac/008150','\"\"'),(1,'Panda T','Prof','CH','http://photos.iitm.ac.in/byid.php?id=002649','panda@iitm.ac.in','','[u\'Bioprocess optimization\', u\'Bioreactor analysis\', u\'Enzyme synthesis and design\', u\'Protoplast fusion\']','\"\"','http://www.iitm.ac.in/fsportal//iitmsite/fac/002649','\"\"'),(2,'Parag Chaudhuri','','CS','','paragc@cs.iitb.ac.in','','[u\' Animation\', u\' Computer Graphics\', u\' Virtual and Augmented Reality\', u\' Geometric Computer Vision\r\n\']','\"\"','http://www.cse.iitb.ac.in/~paragc','\"\"'),(1,'Parag Ravindran','AP','ME','http://photos.iitm.ac.in/byid.php?id=008305','paragr@iitm.ac.in','','[u\'Continuum Mechanics\', u\'Viscoelasticity\', u\'Elasticity\']','\"\"','http://www.iitm.ac.in/fsportal//iitmsite/fac/008305','\"\"'),(1,'Ramakrishna P A','ASP','AE','http://photos.iitm.ac.in/byid.php?id=008209','parama@iitm.ac.in','','[u\'Combustion, propulsion\', u\'energy conversion\']','\"\"','http://www.iitm.ac.in/fsportal//iitmsite/fac/008209','\"\"'),(2,'Sachin  Patkar','','EE','http://www.ee.iitb.ac.in/web//images/patkar.jpg','patkar@ee.iitb.ac.in','','[u\' Combinatorial optimization\r\nMatroid Theory\r\nSubmodular Functions\r\nLinear/Integer programming\r\nNetwork Flows\r\nHigh Performance Computing\r\nFPGA-based accelerated computing\r\nGPU based acceleration\r\nHigh Performance Circuit Simulation \r\nAlgorithms Design ','\"\"','http://www.ee.iitb.ac.in/web/faculty/homepage/patkar','\"\"'),(1,'Pattabiraman M','ASP','PH','http://photos.iitm.ac.in/byid.php?id=008262','pattu@iitm.ac.in','','[u\'Experimental Atomic Physics\', u\'Quantum Optics\']','\"\"','http://www.iitm.ac.in/fsportal//iitmsite/fac/008262','\"\"'),(2,'Pushpak Bhattacharya','','CS','','pb@cs.iitb.ac.in','','[u\' Natural Language Processing\', u\' Machine Learning\', u\' Machine Translation\', u\' Cross\r\nLingual IR and Web Knowledge Processing\']','\"\"','http://www.cse.iitb.ac.in/~pb','\"\"'),(2,'Prem C. Pandey','','EE','http://www.ee.iitb.ac.in/web//images/pcpandey.jpg','pcpandey@ee.iitb.ac.in','','[u\' Speech & Signal Processing\', u\' Biomedical Signal Processing & Instrumentation\', u\' Electronic Instrumentation\', u\' Embedded Electronic System Design.\']','\"\"','http://www.ee.iitb.ac.in/web/faculty/homepage/pcpandey','\"\"'),(1,'Fiener Peter','Prof','CE','http://photos.iitm.ac.in/byid.php?id=v01154','peter@iitm.ac.in','','[u\'\']','\"\"','http://www.iitm.ac.in/fsportal//iitmsite/fac/v01154','\"\"'),(1,'Aditi Simha R','AP','PH','http://photos.iitm.ac.in/byid.php?id=008337','phyadt@iitm.ac.in','','[u\'\']','\"\"','http://www.iitm.ac.in/fsportal//iitmsite/fac/008337','\"\"'),(1,'Deshmukh PC','Prof','PH','http://photos.iitm.ac.in/byid.php?id=001604','phypcd@iitm.ac.in','','[u\'Atomic and Molecular Physics\']','\"\"','http://www.iitm.ac.in/fsportal//iitmsite/fac/001604','\"\"'),(1,'Pijush Ghosh','AP','AM','http://photos.iitm.ac.in/byid.php?id=008484','pijush@iitm.ac.in','','[u\'Nanocomposites, Self-healing Materials, Molecular Dynamics,\']','\"\"','http://www.iitm.ac.in/fsportal//iitmsite/fac/008484','\"\"'),(1,'Radhakrishna G  Pillai','AP','CE','http://photos.iitm.ac.in/byid.php?id=008459','pillai@iitm.ac.in','','[u\'Corrosion in concrete structures\', u\'Condition assessment and service life estimation\', u\'Grouting of post-tensioned systems\', u\'Repair and rehabilitation of concrete structures\', u\'Time-variant structural reliability\']','\"\"','http://www.iitm.ac.in/fsportal//iitmsite/fac/008459','\"\"'),(3,'Pranab K. Ghosh','','CV','http://www.iitg.ac.in/civil/fac_images/Pranab_K_Ghosh.jpg','pkghosh@iitg.ernet.in','','[u\'Areas of Interest:\', u\'Water treatment for domestic and industrial use\', u\'Domestic and Industrial wastewater treatment\', u\'Sludge treatment by physicochemical and biological process\']','[]','http://www.iitg.ac.in/pkghosh/','Waste water treatment'),(1,'Krishna Prasana P','ASP','MS','http://photos.iitm.ac.in/byid.php?id=008435','pkp@iitm.ac.in','','[u\'Corporate Governance\', u\'Stock market analysis\', u\'Corporate finance\']','\"\"','http://www.iitm.ac.in/fsportal//iitmsite/fac/008435','\"\"'),(1,'Krishnankutty P','Prof','OE','http://photos.iitm.ac.in/byid.php?id=008254','pkrishnankutty@iitm.ac.in','','[u\'Ocean Wave-Structure Interaction\', u\'Numerical Marine Hydrodynamics\', u\'Ship Motions\', u\'Wave Wash and Passenger Comfort\']','\"\"','http://www.iitm.ac.in/fsportal//iitmsite/fac/008254','\"\"'),(1,'Pradeep T','Prof','CY','http://photos.iitm.ac.in/byid.php?id=002505','pradeep@iitm.ac.in','','[u\'Nanoscience and Nanotechnology\', u\'Nanomaterials\', u\'Ice Chemistry\', u\'Surface Science\', u\'Spectroscopy\', u\'Scientific Instrumentation\']','\"\"','http://www.iitm.ac.in/fsportal//iitmsite/fac/002505','\"\"'),(1,'Prabhu Rajagopal','AP','ME','http://photos.iitm.ac.in/byid.php?id=008469','prajagopal@iitm.ac.in','','[u\'Ultrasonics for Nondestructive Evaluation, Structural Health Monitoring and Process Control\', u\'Simulation and analysis of elastic wave propagation and scattering\', u\'Robotic and automated inspection\', u\'Artificial intelligence in sensing and control\']','\"\"','http://www.iitm.ac.in/fsportal//iitmsite/fac/008469','\"\"'),(1,'Pandu Rangan C','Prof','CS','http://photos.iitm.ac.in/byid.php?id=002679','prangan@iitm.ac.in','','[u\'\']','\"\"','http://www.iitm.ac.in/fsportal//iitmsite/fac/002679','\"\"'),(2,'Preeti  Rao','','EE','http://www.ee.iitb.ac.in/web//images/prao.jpg','prao@ee.iitb.ac.in','','[u\' Speech and Audio Signal Processing\', u\' Music Information Retrieval.\']','\"\"','http://www.ee.iitb.ac.in/web/faculty/homepage/prao','\"\"'),(1,'Prasad B V S S S','Prof','ME','http://photos.iitm.ac.in/byid.php?id=002539','prasad@iitm.ac.in','','[u\'\']','\"\"','http://www.iitm.ac.in/fsportal//iitmsite/fac/002539','\"\"'),(1,'Meher Prasad A','Prof','CE','http://photos.iitm.ac.in/byid.php?id=002776','prasadam@iitm.ac.in','','[u\'\']','\"\"','http://www.iitm.ac.in/fsportal//iitmsite/fac/002776','\"\"'),(1,'Prasanta Kumar Tripathy','ASP','PH','http://photos.iitm.ac.in/byid.php?id=008221','prasanta@iitm.ac.in','','[u\'Quantym Field Theory\', u\'High Energy Physics\', u\'String Theory\']','\"\"','http://www.iitm.ac.in/fsportal//iitmsite/fac/008221','\"\"'),(1,'Prathap Haridoss','Prof','MM','http://photos.iitm.ac.in/byid.php?id=008097','prathap@iitm.ac.in','','[u\'Carbon Nanotubes\', u\'Fuel Cells\', u\'Semiconducting Nanomaterials\', u\'Recycling Printed Circuit Boards\']','\"\"','http://www.iitm.ac.in/fsportal//iitmsite/fac/008097','\"\"'),(1,'Edamana Prasad','ASP','CY','http://photos.iitm.ac.in/byid.php?id=008252','pre@iitm.ac.in','','[u\'Aggregation in macromolecules and its impact on the photophysical properties\']','\"\"','http://www.iitm.ac.in/fsportal//iitmsite/fac/008252','\"\"'),(1,'Preeti Aghalayam','ASP','CH','http://photos.iitm.ac.in/byid.php?id=008447','preeti@iitm.ac.in','','[u\'\']','\"\"','http://www.iitm.ac.in/fsportal//iitmsite/fac/008447','\"\"'),(1,'Prema Rajagopalan','ASP','HS','http://photos.iitm.ac.in/byid.php?id=005029','prema@iitm.ac.in','','[u\'\']','\"\"','http://www.iitm.ac.in/fsportal//iitmsite/fac/005029','\"\"'),(2,'Pradeep R. Nair','','EE','http://www.ee.iitb.ac.in/web//images/prnair.jpg','prnair@ee.iitb.ac.in','','[u\' Nanoscale devices for energy and healthcare applications.\', u\' Semiconductor device physics and reliability.\', u\' Microelectromechanical systems (MEMS).\']','\"\"','http://www.ee.iitb.ac.in/web/faculty/homepage/prnair','\"\"'),(1,'Parthasarathy P R','Prof','MA','http://photos.iitm.ac.in/byid.php?id=002625','prp@iitm.ac.in','','[u\'\']','\"\"','http://www.iitm.ac.in/fsportal//iitmsite/fac/002625','\"\"'),(1,'Paramanand Singh','Prof','MM','http://photos.iitm.ac.in/byid.php?id=002461','ps@iitm.ac.in','','[u\'\']','\"\"','http://www.iitm.ac.in/fsportal//iitmsite/fac/002461','\"\"'),(1,'Panneer Selvam R','ASP','OE','http://photos.iitm.ac.in/byid.php?id=008258','pselvam@iitm.ac.in','','[u\'\']','\"\"','http://www.iitm.ac.in/fsportal//iitmsite/fac/008258','\"\"'),(1,'Shanmugam P','ASP','OE','http://photos.iitm.ac.in/byid.php?id=008336','pshanmugam@iitm.ac.in','','[u\'\']','\"\"','http://www.iitm.ac.in/fsportal//iitmsite/fac/008336','\"\"'),(1,'Sreenivasa Kumar P','Prof','CS','http://photos.iitm.ac.in/byid.php?id=002691','psk@iitm.ac.in','','[u\'\']','\"\"','http://www.iitm.ac.in/fsportal//iitmsite/fac/002691','\"\"'),(1,'Pramod S Mehta','Prof','ME','http://photos.iitm.ac.in/byid.php?id=002560','psmehta@iitm.ac.in','','[u\'\']','\"\"','http://www.iitm.ac.in/fsportal//iitmsite/fac/002560','\"\"'),(1,'Sai PST','Prof','CH','http://photos.iitm.ac.in/byid.php?id=002664','psts@iitm.ac.in','','[u\'\']','\"\"','http://www.iitm.ac.in/fsportal//iitmsite/fac/002664','\"\"'),(2,'Purushottam Kulkarni','','CS','','puru@cs.iitb.ac.in','','[u\' Wireless and sensor networks\', u\' virtualization\', u\' distributed systems and data dissemination.\']','\"\"','http://www.cse.iitb.ac.in/~puru','\"\"'),(1,'Venugopal P','Prof','MM','http://photos.iitm.ac.in/byid.php?id=e01090','pvenu@iitm.ac.in','','[u\'\']','\"\"','http://www.iitm.ac.in/fsportal//iitmsite/fac/e01090','\"\"'),(1,'Manivannan P V','AP','ME','http://photos.iitm.ac.in/byid.php?id=000758','pvm@iitm.ac.in','','[u\'Instrumentation &amp; Control system\', u\'Automotive Electronics / Engine Control System\', u\'Mechatronic &amp; Embedded Systems\', u\'Mobile Robotics and Sensor Network\']','\"\"','http://www.iitm.ac.in/fsportal//iitmsite/fac/000758','\"\"'),(1,'Veeramani P','Prof','MA','http://photos.iitm.ac.in/byid.php?id=002605','pvmani@iitm.ac.in','','[u\'\']','\"\"','http://www.iitm.ac.in/fsportal//iitmsite/fac/002605','\"\"'),(1,'Vijayaraghavan P','Prof','MS','http://photos.iitm.ac.in/byid.php?id=e01007','pvr@iitm.ac.in','','[u\'\']','\"\"','http://www.iitm.ac.in/fsportal//iitmsite/fac/e01007','\"\"'),(1,'Subrahmanyam P V','Prof','MA','http://photos.iitm.ac.in/byid.php?id=002617','pvs@iitm.ac.in','','[u\'\']','\"\"','http://www.iitm.ac.in/fsportal//iitmsite/fac/002617','\"\"'),(1,'Radha R','Prof','MA','http://photos.iitm.ac.in/byid.php?id=008119','radharam@iitm.ac.in','','[u\'Harmonic Analysis, Wavelets, Sampling theory, Operator equations\']','\"\"','http://www.iitm.ac.in/fsportal//iitmsite/fac/008119','\"\"'),(1,'Raghavan V','ASP','ME','http://photos.iitm.ac.in/byid.php?id=008293','raghavan@iitm.ac.in','','[u\'Droplet Vaporization and Combustion\', u\'Combustion Modeling\', u\'Laminar Flame and Stability\', u\'Heterogeneous Combustion\', u\'Gasification\']','\"\"','http://www.iitm.ac.in/fsportal//iitmsite/fac/008293','\"\"'),(1,'Raghuram Chetty','ASP','CH','http://photos.iitm.ac.in/byid.php?id=008351','raghuc@iitm.ac.in','','[u\'Nanomaterials for Energy Conversion and Storage (Fuel Cells and Batteries)\', u\'Electrochemical systems and engineering, Wastewater treatment\', u\'Electrochemistry, Electrocatalysis, Carbon nanotubes for electrocatalytic application\']','\"\"','http://www.iitm.ac.in/fsportal//iitmsite/fac/008351','\"\"'),(1,'Raghukanth S T G','ASP','CE','http://photos.iitm.ac.in/byid.php?id=008344','raghukanth@iitm.ac.in','','[u\'Natural Hazards\', u\'Risk assesment\', u\'Wave Propagation\', u\'Structural Dynamics\', u\'Earthquake Engineering\']','\"\"','http://www.iitm.ac.in/fsportal//iitmsite/fac/008344','\"\"'),(1,'Raghu Prakash V','Prof','ME','http://photos.iitm.ac.in/byid.php?id=008183','raghuprakash@iitm.ac.in','','[u\'Structural Integrity, Fatigue and Fracture Mechanics, Random Load Life Prediction, Product Design\']','\"\"','http://www.iitm.ac.in/fsportal//iitmsite/fac/008183','\"\"'),(1,'Raghunathan Rengasamy','Prof','CH','http://photos.iitm.ac.in/byid.php?id=008482','raghur@iitm.ac.in','','[u\'\']','\"\"','http://www.iitm.ac.in/fsportal//iitmsite/fac/008482','\"\"'),(1,'Rajakumar B','ASP','CY','http://photos.iitm.ac.in/byid.php?id=008244','rajakumar@iitm.ac.in','','[u\'gas phase chemical kinetics\', u\'climate change\', u\'Global warming\', u\'Atmospheric chemistry\', u\'Experimental studies using Cavity Ring Down Spectroscopy and Laser Induced Fluerescence\']','\"\"','http://www.iitm.ac.in/fsportal//iitmsite/fac/008244','\"\"'),(3,'Rajan Choudhary','','CV','http://www.iitg.ac.in/civil/fac_images/Rajan_Choudhary.jpg','rajandce@iitg.ernet.in','','[u\'Areas of Interest:\', u\'Pavement Analysis and Design\', u\'Highway Construction and Quality Control\', u\'Pavement Material Characterization\', u\'Pavement Evaluation and Maintenance\', u\'Traffic Engineering\']','[]','http://www.iitg.ac.in/rajandce/','Transportation Engineering'),(2,'Rajbabu  Velmurugan','','EE','http://www.ee.iitb.ac.in/web//images/rajbabu.jpg','rajbabu@ee.iitb.ac.in','','[u\' Statistical and digital signal processing\', u\' \nSignal processing system design\', u\' \nParticle filter applications\', u\' \nTarget tracking systems.\']','\"\"','http://www.ee.iitb.ac.in/web/faculty/homepage/rajbabu','\"\"'),(1,'Rajesh Kumar','AP','HS','http://photos.iitm.ac.in/byid.php?id=008572','rajesh@iitm.ac.in','','[u\'\']','\"\"','http://www.iitm.ac.in/fsportal//iitmsite/fac/008572','\"\"'),(1,'Rajesh R Nair','ASP','OE','http://photos.iitm.ac.in/byid.php?id=008438','rajeshnair@iitm.ac.in','','[u\'Multi-attribute seismic inversion for oil and gas exploration, Oil and Gas Field Development, Petroleum Geomechanics,  Effective medium modeling for Gas Hydrates and Inversion, Laser Doppler Vibrometer measurements on Rock core samples, Heterogeneity i','\"\"','http://www.iitm.ac.in/fsportal//iitmsite/fac/008438','\"\"'),(1,'Rajiv Sharma','AP','OE','http://photos.iitm.ac.in/byid.php?id=008431','rajivatri@iitm.ac.in','','[u\'\']','\"\"','http://www.iitm.ac.in/fsportal//iitmsite/fac/008431','\"\"'),(1,'Velmurugan R','Prof','AE','http://photos.iitm.ac.in/byid.php?id=008029','ramanv@iitm.ac.in','','[u\'\']','\"\"','http://www.iitm.ac.in/fsportal//iitmsite/fac/008029','\"\"'),(1,'Rama R','Prof','MA','http://photos.iitm.ac.in/byid.php?id=002609','ramar@iitm.ac.in','','[u\'\']','\"\"','http://www.iitm.ac.in/fsportal//iitmsite/fac/002609','\"\"'),(1,'Ramkrishna Pasumarthy','AP','EE','http://photos.iitm.ac.in/byid.php?id=008514','ramkrishna@iitm.ac.in','','[u\'\']','\"\"','http://www.iitm.ac.in/fsportal//iitmsite/fac/008514','\"\"'),(1,'Ramkumar P','AP','ME','http://photos.iitm.ac.in/byid.php?id=008569','ramkumar@iitm.ac.in','','[u\'\']','\"\"','http://www.iitm.ac.in/fsportal//iitmsite/fac/008569','\"\"'),(1,'Ramamoorthy B','Prof','ME','http://photos.iitm.ac.in/byid.php?id=002564','ramoo@iitm.ac.in','','[u\'Metrology, Machine Vision Applications\', u\'Manufacturing and Coating Processes\']','\"\"','http://www.iitm.ac.in/fsportal//iitmsite/fac/002564','\"\"'),(1,'Ramaprabhu S','Prof','PH','http://photos.iitm.ac.in/byid.php?id=002738','ramp@iitm.ac.in','','[u\'Nanoscience and Nanotechnology\', u\'Fuel Cell Technology\', u\'Hydrogen Energy Technology\', u\'CNT and Graphene Synthesis\', u\'Energy, biological applications\', u\'CO2 capture and conversion\', u\'Purification of water\', u\'Nanofluids\']','\"\"','http://www.iitm.ac.in/fsportal//iitmsite/fac/002738','\"\"'),(2,'Abhiram Ranade','','CS','','ranade@cs.iitb.ac.in','','[u\' Algorithms and Combinatorial Optimization\']','\"\"','http://www.cse.iitb.ac.in/~ranade','\"\"'),(1,'Ranjith Mohan','AP','AE','http://photos.iitm.ac.in/byid.php?id=008553','ranjith.m@iitm.ac.in','','[u\'\']','\"\"','http://www.iitm.ac.in/fsportal//iitmsite/fac/008553','\"\"'),(1,'Ratna Kumar Annabattula VVSD','AP','ME','http://photos.iitm.ac.in/byid.php?id=008576','ratna@iitm.ac.in','','[u\'Finite Element Analysis\', u\'Granular Mechanics\', u\'Buckle-driven delamination\', u\'Fusion Materials\', u\'Mechanics of microsystems\']','\"\"','http://www.iitm.ac.in/fsportal//iitmsite/fac/008576','\"\"'),(1,'Ravi Sankar K','AP','MM','http://photos.iitm.ac.in/byid.php?id=008309','ravi.sankar@iitm.ac.in','','[u\'High Temperature Deformation of Materials\', u\'Creep and Superplasticity\', u\'Mechanical Behaviour of Nanocrystalline Materials\', u\'Deformation Behaviour at Small Length Scales\', u\'High entropy alloys\', u\'Magnesium alloys\']','\"\"','http://www.iitm.ac.in/fsportal//iitmsite/fac/008309','\"\"'),(1,'Ravishankar A','AP','EE','http://photos.iitm.ac.in/byid.php?id=ADF007','ravias@iitm.ac.in','','[u\'\']','\"\"','http://www.iitm.ac.in/fsportal//iitmsite/fac/ADF007','\"\"'),(1,'Ravindran B','ASP','CS','http://photos.iitm.ac.in/byid.php?id=008156','ravib@iitm.ac.in','','[u\'Machine Learning\', u\'Text/Data Mining\', u\'Reinforcement Learning\', u\'Social Network Analysis\']','\"\"','http://www.iitm.ac.in/fsportal//iitmsite/fac/008156','\"\"'),(1,'Suresh Kumar Rayala','ASP','BT','http://photos.iitm.ac.in/byid.php?id=008357','rayala@iitm.ac.in','','[u\'\']','\"\"','http://www.iitm.ac.in/fsportal//iitmsite/fac/008357','\"\"'),(1,'Baskar R','ASP','BT','http://photos.iitm.ac.in/byid.php?id=008159','rbaskar@iitm.ac.in','','[u\'Pattern formation in cellular slime molds and Molecular genetics of plant development\']','\"\"','http://www.iitm.ac.in/fsportal//iitmsite/fac/008159','\"\"'),(1,'Ranjit Bauri','ASP','MM','http://photos.iitm.ac.in/byid.php?id=008280','rbauri@iitm.ac.in','','[u\'Solid Oxide Fuel Cells\', u\'Metal Matrix Composites\', u\'Al alloys\']','\"\"','http://www.iitm.ac.in/fsportal//iitmsite/fac/008280','\"\"'),(1,'Renganathan T','AP','CH','http://photos.iitm.ac.in/byid.php?id=008369','renga@iitm.ac.in','','[u\'Multiphase reactors\', u\'Computational Fluid Dynamics\']','\"\"','http://www.iitm.ac.in/fsportal//iitmsite/fac/008369','\"\"'),(1,'Rupen Goswami','AP','CE','http://photos.iitm.ac.in/byid.php?id=008321','rg@iitm.ac.in','','[u\'Analysis and Design of Earthquake Resistant Structures\', u\'Steel Structures\']','\"\"','http://www.iitm.ac.in/fsportal//iitmsite/fac/008321','\"\"'),(1,'Ganti Radha Krishnan','AP','EE','http://photos.iitm.ac.in/byid.php?id=008498','rganti@iitm.ac.in','','[u\'Wireless Networks\', u\'Communication Systems\']','\"\"','http://www.iitm.ac.in/fsportal//iitmsite/fac/008498','\"\"'),(1,'Richa Agrawal','AP','MS','http://photos.iitm.ac.in/byid.php?id=008414','richa@iitm.ac.in','','[u\'\']','\"\"','http://www.iitm.ac.in/fsportal//iitmsite/fac/008414','\"\"'),(1,'Rinku Mukherjee','AP','AM','http://photos.iitm.ac.in/byid.php?id=008306','rinku@iitm.ac.in','','[u\'Post-stall flow prediction\', u\'Unsteady Aerodynamics\', u\'Applied Aerodynamics\', u\'Flow modeling\', u\'Boundary Layer Stability Studies\']','\"\"','http://www.iitm.ac.in/fsportal//iitmsite/fac/008306','\"\"'),(1,'Amit R K','AP','MS','http://photos.iitm.ac.in/byid.php?id=008471','rkamit@iitm.ac.in','','[u\'Decision Theory\', u\'Game Theory\', u\'Operations Research\']','\"\"','http://www.iitm.ac.in/fsportal//iitmsite/fac/008471','\"\"'),(3,'Rajib Kumar Bhattacharjya','','CV','http://www.iitg.ac.in/civil/fac_images/Rajib_K_Bhattacharjya.jpg','rkbc@iitg.ernet.in','','[u\'Areas of Interest:\', u\'Water Resources System Management\', u\'Genetic Algorithms\', u\'Artificial Neural Networks\']','[]','http://www.iitg.ac.in/rkbc/','Hydraulics &amp; Water Resources'),(2,'Rushikesh K. Joshi','','CS','','rkj@cs.iitb.ac.in','','[u\' Object Oriented Systems\', u\' Distributed Systems\', u\' Software Architectures\']','\"\"','http://www.cse.iitb.ac.in/~rkj','\"\"'),(1,'Krishnakumar R','Prof','ED','http://photos.iitm.ac.in/byid.php?id=002553','rkkumar@iitm.ac.in','','[u\'Nonlinear Finite Elements\', u\'Vehicle Dynamics and Tyre Mechanics\']','\"\"','http://www.iitm.ac.in/fsportal//iitmsite/fac/002553','\"\"'),(1,'Kothandaraman Ramanujam','AP','CY','http://photos.iitm.ac.in/byid.php?id=008477','rkraman@iitm.ac.in','','[u\'Efficient catalysts for Oxygen Evolution Reaction (OER) and Hydrogen Evolution Reaction (HER) in water Electrolyser system\', u\'Polymer Electrolyte Fuel Cell Catalysis, with special emphasis on non-precious/non-platinum metal catalyst synthesis\', u\'Deve','\"\"','http://www.iitm.ac.in/fsportal//iitmsite/fac/008477','\"\"'),(2,'Raghunath K. Shevgaonkar (Currently Director, IIT Delhi)','','EE','http://www.ee.iitb.ac.in/web//images/rks.jpg','rks@ee.iitb.ac.in','','[u\' Fibre Optic Communication\r\nPhotonics\r\nNon-linear fibre optics\r\nAntennas\r\nImage Processing\r\nRadio Astronomy.\']','\"\"','http://www.ee.iitb.ac.in/web/faculty/homepage/rks','\"\"'),(1,'Manivasakan R','AP','EE','http://photos.iitm.ac.in/byid.php?id=008071','rmani@iitm.ac.in','','[u\'Performance analyis of communication networks in general and optical networks in particular.\']','\"\"','http://www.iitm.ac.in/fsportal//iitmsite/fac/008071','\"\"'),(1,'Madhumathi R','Prof','MS','http://photos.iitm.ac.in/byid.php?id=000364','rmm@iitm.ac.in','','[u\'\']','\"\"','http://www.iitm.ac.in/fsportal//iitmsite/fac/000364','\"\"'),(1,'Rajamanickam Murgan','AP','BT','http://photos.iitm.ac.in/byid.php?id=008334','rmurugan@iitm.ac.in','','[u\'Theoretical Biology and Biophysics, Rate processes in biology\']','\"\"','http://www.iitm.ac.in/fsportal//iitmsite/fac/008334','\"\"'),(1,'Rajesh Narayanan','ASP','PH','http://photos.iitm.ac.in/byid.php?id=008270','rnarayanan@iitm.ac.in','','[u\'\']','\"\"','http://www.iitm.ac.in/fsportal//iitmsite/fac/008270','\"\"'),(1,'Robinson R G','Prof','CE','http://photos.iitm.ac.in/byid.php?id=008160','robinson@iitm.ac.in','','[u\'Expansive soils\', u\'Soft clay engineering\', u\'Ground improvement\']','\"\"','http://www.iitm.ac.in/fsportal//iitmsite/fac/008160','\"\"'),(2,'Richard  Pinto','','EE','http://www.ee.iitb.ac.in/web//images/rpinto.jpg','rpinto@ee.iitb.ac.in','','None','\"\"','http://www.ee.iitb.ac.in/web/faculty/homepage/rpinto','\"\"'),(1,'Rangaraja Sundraraj P','Prof','MS','http://photos.iitm.ac.in/byid.php?id=008449','rpsundarraj@iitm.ac.in','','[u\'\']','\"\"','http://www.iitm.ac.in/fsportal//iitmsite/fac/008449','\"\"'),(2,'Valipe Ramgopal Rao','','EE','http://www.ee.iitb.ac.in/web//images/Rao.jpg','rrao@ee.iitb.ac.in','','[u\' Nanoelectronics Technology Aware Design Challenges with Emerging Technologies (Process-Device-Circuit Interactions with Multigate MOSFETs\', u\' Polymer Transistors\', u\' Molecular Electronics etc.)CMOS Reliability Bio-MEMS.\']','\"\"','http://www.ee.iitb.ac.in/web/faculty/homepage/rrao','\"\"'),(1,'Ravi R','Prof','CH','http://photos.iitm.ac.in/byid.php?id=005035','rravi@iitm.ac.in','','[u\'\']','\"\"','http://www.iitm.ac.in/fsportal//iitmsite/fac/005035','\"\"'),(1,'Ravi Krishna R','ASP','CH','http://photos.iitm.ac.in/byid.php?id=008266','rrk@iitm.ac.in','','[u\'Treatment and Control Processes\', u\'Chemical Fate and Transport in the Environment\', u\'Contaminated Sediments Remediation\']','\"\"','http://www.iitm.ac.in/fsportal//iitmsite/fac/008266','\"\"'),(1,'Rahul Marathe','ASP','MS','http://photos.iitm.ac.in/byid.php?id=008299','rrmarathe@iitm.ac.in','','[u\'Stochastic Processes\r\nMathematical and Statistical Modeling\r\nData Analytics\']','\"\"','http://www.iitm.ac.in/fsportal//iitmsite/fac/008299','\"\"'),(1,'Santhosh R','AP','HS','http://photos.iitm.ac.in/byid.php?id=008496','rsanthosh@iitm.ac.in','','[u\'\']','\"\"','http://www.iitm.ac.in/fsportal//iitmsite/fac/008496','\"\"'),(1,'Sarathi  R','Prof','EE','http://photos.iitm.ac.in/byid.php?id=000032','rsarathi@iitm.ac.in','','[u\'\']','\"\"','http://www.iitm.ac.in/fsportal//iitmsite/fac/000032','\"\"'),(1,'Sivanandan R','Prof','CE','http://photos.iitm.ac.in/byid.php?id=000167','rsiva@iitm.ac.in','','[u\'Intelligent Transportation Systems (ITS), Traffic Engineering and Management, Congestion Mitigation, Simulation of Mixed Traffic Flow, Urban Transportation Planning, Transportation Systems Analysis\']','\"\"','http://www.iitm.ac.in/fsportal//iitmsite/fac/000167','\"\"'),(1,'Ramasubba Reddy M','Prof','AM','http://photos.iitm.ac.in/byid.php?id=002494','rsreddy@iitm.ac.in','','[u\'Biomedical Instrumentation\', u\'Biomedical Image Processing\', u\'Biomedical Signal Processing\']','\"\"','http://www.iitm.ac.in/fsportal//iitmsite/fac/002494','\"\"'),(1,'Sundaravadivelu R','Prof','OE','http://photos.iitm.ac.in/byid.php?id=003106','rsun@iitm.ac.in','','[u\'\']','\"\"','http://www.iitm.ac.in/fsportal//iitmsite/fac/003106','\"\"'),(1,'Rupashree Baral','AP','MS','http://photos.iitm.ac.in/byid.php?id=008475','rupashree@iitm.ac.in','','[u\'\']','\"\"','http://www.iitm.ac.in/fsportal//iitmsite/fac/008475','\"\"'),(1,'Soumya Dutta','AP','EE','http://photos.iitm.ac.in/byid.php?id=008510','s.dutta@iitm.ac.in','','[u\'Organic/Polymer Solar Cells (Introducing Plasmonics)\', u\'Organic Thin Film Transistors (OTFT) and Basic Circuits\', u\'Photophysics of Organic Electronic Devices\', u\'Photophysics of Graphene/Organic Semiconductor Heterostructure\', u\'OTFT based Chemical S','\"\"','http://www.iitm.ac.in/fsportal//iitmsite/fac/008510','\"\"'),(1,'Sachin S Gunthe','AP','CE','http://photos.iitm.ac.in/byid.php?id=008502','s.gunthe@iitm.ac.in','','[u\'\']','\"\"','http://www.iitm.ac.in/fsportal//iitmsite/fac/008502','\"\"'),(1,'Sabita Sarkar','AP','MM','http://photos.iitm.ac.in/byid.php?id=008358','sabita.sarkar@iitm.ac.in','','[u\'\']','\"\"','http://www.iitm.ac.in/fsportal//iitmsite/fac/008358','\"\"'),(1,'Sabuj Kumar Mandal','AP','HS','http://photos.iitm.ac.in/byid.php?id=008503','sabuj@iitm.ac.in','','[u\'\']','\"\"','http://www.iitm.ac.in/fsportal//iitmsite/fac/008503','\"\"'),(1,'Saji Mathew','ASP','MS','http://photos.iitm.ac.in/byid.php?id=008462','saji@iitm.ac.in','','[u\'IT services, sourcing, cloud\', u\'IT usage, adoption\', u\'Development Methodologies\', u\'Web mining, personalization\', u\'E-governance\']','\"\"','http://www.iitm.ac.in/fsportal//iitmsite/fac/008462','\"\"'),(2,'Shrikrishna A. Khaparde','','EE','http://www.ee.iitb.ac.in/web//images/sak.jpg','sak@ee.iitb.ac.in','','[u\' Deregulation in Power Industry: optimal bidding\', u\' and congestion management\', u\' Object Oriented Power System Analysis\', u\' Controlled series compensation using SSSC\', u\' Harmonic Distortion in Distribution systems\', u\' Design and Operation of smal','\"\"','http://www.ee.iitb.ac.in/web/faculty/homepage/sak','\"\"'),(2,'Saketha Nath J.','','CS','','saketh@cs.iitb.ac.in','','[u\' Machine Learning\', u\' Data Mining\', u\' Convex Optimization\']','\"\"','http://www.cse.iitb.ac.in/~saketh','\"\"'),(1,'Abdus Samad','AP','OE','http://photos.iitm.ac.in/byid.php?id=008455','samad@iitm.ac.in','','[u\'CFD\', u\'Fluid Machinery\', u\'Heat Transfer\', u\'Artificial Lift\', u\'Surrogate Based Optimization\', u\'Renewable Energy\', u\'Wave energy\']','\"\"','http://www.iitm.ac.in/fsportal//iitmsite/fac/008455','\"\"'),(1,'Sameen A','ASP','AE','http://photos.iitm.ac.in/byid.php?id=008340','sameen@iitm.ac.in','','[u\'\']','\"\"','http://www.iitm.ac.in/fsportal//iitmsite/fac/008340','\"\"'),(1,'Samuel G L','ASP','ME','http://photos.iitm.ac.in/byid.php?id=008197','samuelgl@iitm.ac.in','','[u\'CAD/CAM, Metrology, Micro Machining\']','\"\"','http://www.iitm.ac.in/fsportal//iitmsite/fac/008197','\"\"'),(1,'Ponnusamy S','Prof','MA','http://photos.iitm.ac.in/byid.php?id=005019','samy@iitm.ac.in','','[u\'\']','\"\"','http://www.iitm.ac.in/fsportal//iitmsite/fac/005019','\"\"'),(3,'Sandip Das','','CV','http://www.iitg.ac.in/civil/fac_images/Sandip_Das.jpg','sandip.das@iitg.ernet.in','','[u\'Areas of Interest:\', u\'Earthquake Engineering\', u\'Structural Dynamics\', u\'Random Vibration\']','[]','http://www.iitg.ac.in/sandip.das/','Structural Engineering'),(1,'Sandipan Bandyopadhyay','AP','ED','http://photos.iitm.ac.in/byid.php?id=008296','sandipan@iitm.ac.in','','[u\'Design, Mechanics, and Control of Parallel Manipulators\', u\'Design of machines and mechanisms\', u\'Computational  Kinematics\', u\'Product Design\', u\'\']','\"\"','http://www.iitm.ac.in/fsportal//iitmsite/fac/008296','\"\"'),(1,'Sangaranayanan M V','Prof','CY','http://photos.iitm.ac.in/byid.php?id=002535','sangara@iitm.ac.in','','[u\'\']','\"\"','http://www.iitm.ac.in/fsportal//iitmsite/fac/002535','\"\"'),(1,'Ravikiran Sangras','AP','ME','http://photos.iitm.ac.in/byid.php?id=008288','sangras@iitm.ac.in','','[u\'\']','\"\"','http://www.iitm.ac.in/fsportal//iitmsite/fac/008288','\"\"'),(1,'Sanjay Kumar','Prof','CY','http://photos.iitm.ac.in/byid.php?id=005013','sanjay@iitm.ac.in','','[u\'Computational Modeling of Organic reactions &amp; their mechanistic Pathways\', u\'Development of Methodologies in ab initio Bound-State &amp; Quantum Dynamics Calculations\', u\'Elementary Chemical Reactions, Ion/Electron-Molecule Collisions\', u\'Chemical ','\"\"','http://www.iitm.ac.in/fsportal//iitmsite/fac/005013','\"\"'),(1,'Sanjib Senapati','ASP','BT','http://photos.iitm.ac.in/byid.php?id=008223','sanjibs@iitm.ac.in','','[u\'Computational Biophysics\', u\'Structure Based Drug Discovery\', u\'Molecular Dynamics Simulations\', u\'Molecular Modeling\', u\'Green Chemistry - Ionic liquids and Supercritical CO2\', u\'Nanoparticles and Nanoclusters\', u\'In-vitro Studies\']','\"\"','http://www.iitm.ac.in/fsportal//iitmsite/fac/008223','\"\"'),(1,'Sankararaman S','Prof','CY','http://photos.iitm.ac.in/byid.php?id=002503','sanka@iitm.ac.in','','[u\'Organo Asymmetric Catalysis:  Development of new organo catalysts and their applications in organic synthesis.\', u\'Modern Acetylene Chemistry: Synthesis of acetylenic macrocycles, cyclophanes and dendrimers. Synthesis of pyrene based novel fluorophores','\"\"','http://www.iitm.ac.in/fsportal//iitmsite/fac/002503','\"\"'),(1,'Santhosh PN','ASP','PH','http://photos.iitm.ac.in/byid.php?id=008140','santhosh@iitm.ac.in','','[u\'Electroceramics\', u\'Low temperature characterization of Advanced materials\', u\'Condensed Matter Physics\', u\'Magnetism and Magnetic Materials\', u\'Powder X-ray  and Neutron diffraction and Rietveld analysis\']','\"\"','http://www.iitm.ac.in/fsportal//iitmsite/fac/008140','\"\"'),(2,'Saravanan  Vijayakumaran','','EE','http://www.ee.iitb.ac.in/web//images/sarva_tiny.jpg','sarva@ee.iitb.ac.in','','[u\' Signal Processing for Communications\', u\' Parallel Simulation Algorithms.\']','\"\"','http://www.ee.iitb.ac.in/web/faculty/homepage/sarva','\"\"'),(1,'Pradeep Sarvepalli','AP','EE','http://photos.iitm.ac.in/byid.php?id=008561','sarvepalli@iitm.ac.in','','[u\'\']','\"\"','http://www.iitm.ac.in/fsportal//iitmsite/fac/008561','\"\"'),(1,'Sannasiraj S A','Prof','OE','http://photos.iitm.ac.in/byid.php?id=008117','sasraj@iitm.ac.in','','[u\'Wave-structure interaction\', u\'Dynamics of floating bodies\', u\'Breaking waves - its dynamics and impact on structures\', u\'Wind-wave modelling\', u\'Data assimilation\']','\"\"','http://www.iitm.ac.in/fsportal//iitmsite/fac/008117','\"\"'),(3,'Saswati Chakraborty','','CV','http://www.iitg.ac.in/civil/fac_images/Saswati_Chakraborty.jpg','saswati@iitg.ernet.in','','[u\'Areas of Interest:\', u\'Water and Wastewater Treatment\', u\'Biodegradation of Industrial Wastewater\', u\'Removal of Heavy Metals from Wastewater\']','[]','http://www.iitg.ac.in/saswati/','Environmental Engineering'),(1,'Satyanarayana K N','Prof','CE','http://photos.iitm.ac.in/byid.php?id=002815','satyakn@iitm.ac.in','','[u\'Quality Management\', u\'Contruction Equipment\', u\'Construction Productivity\', u\'Public Private Partnerships\', u\'Construction Project Management\', u\'Construction Contracts\']','\"\"','http://www.iitm.ac.in/fsportal//iitmsite/fac/002815','\"\"'),(1,'Satya Sundar Sethy','AP','HS','http://photos.iitm.ac.in/byid.php?id=008454','satyasundar@iitm.ac.in','','[u\'Analytical Philosophy\', u\'Logic\', u\'Theories and Forms of Learning\', u\'Information and Communication Technology (ICT) in Education\', u\'Contemporary Western Philosophy\', u\'Philosophy of Language\']','\"\"','http://www.iitm.ac.in/fsportal//iitmsite/fac/008454','\"\"'),(1,'Sayan Gupta','ASP','AM','http://photos.iitm.ac.in/byid.php?id=008291','sayan@iitm.ac.in','','[u\'Random vibrations\', u\'Nonlinear dynamics\', u\'Stochastic modeling\', u\'Risk assessment and structural reliability\', u\'Health Monitoring\', u\'Energy harvesting from wind\']','\"\"','http://www.iitm.ac.in/fsportal//iitmsite/fac/008291','\"\"'),(2,'Supratim Biswas','','CS','','sb@cs.iitb.ac.in','','[u\' Parallel and Distributed Processing \', u\' Neural Nets \', u\' Architecture\']','\"\"','http://www.cse.iitb.ac.in/~sb','\"\"'),(1,'Srinivasa Rao Bakshi','AP','MM','http://photos.iitm.ac.in/byid.php?id=008470','sbakshi@iitm.ac.in','','[u\'1.	Thermal spray synthesis of carbon nanotube reinforced metal-matrix composites as coatings and free standing structures\', u\'9.	Object Oriented Finite Element Analysis (OOF) for multi-scale prediction of properties based on microstructure\', u\'2.	Carbo','\"\"','http://www.iitm.ac.in/fsportal//iitmsite/fac/008470','\"\"'),(1,'Baskaran S','Prof','CY','http://photos.iitm.ac.in/byid.php?id=005018','sbhaskar@iitm.ac.in','','[u\'Development of new strategies in Organic Synthesis\', u\'Enantioselective Synthesis\', u\'Synthesis of Biologically active Molecules/ Natural Products\', u\'Drug Design of Pharmaceutical Importance.\']','\"\"','http://www.iitm.ac.in/fsportal//iitmsite/fac/005018','\"\"'),(2,'Subhasis  Chaudhuri','','EE','http://www.ee.iitb.ac.in/web//images/sc1.jpg','sc@ee.iitb.ac.in','','[u\' Multimedia\', u\' Computer Vision\', u\' Image Processing\', u\' Pattern Recognition\', u\' Biomedical Signal Processing\', u\' Computational Haptics.\']','\"\"','http://www.ee.iitb.ac.in/web/faculty/homepage/sc','\"\"'),(1,'Chaudhary S C','Prof','HS','http://photos.iitm.ac.in/byid.php?id=002753','scc@iitm.ac.in','','[u\'\']','\"\"','http://www.iitm.ac.in/fsportal//iitmsite/fac/002753','\"\"'),(1,'Srinivasa Chakravarthy V','Prof','BT','http://photos.iitm.ac.in/byid.php?id=005028','schakra@iitm.ac.in','','[u\'Pattern Recognition\', u\'Computational Neuroscience\', u\'Computational Cardiology\']','\"\"','http://www.iitm.ac.in/fsportal//iitmsite/fac/005028','\"\"'),(1,'Chella Rajan','Prof','HS','http://photos.iitm.ac.in/byid.php?id=008297','scrajan@iitm.ac.in','','[u\'climate and migration\', u\'climate policy\', u\'sustainable development\', u\'automobility\', u\'energy and transport\', u\'political theory and the environment\']','\"\"','http://www.iitm.ac.in/fsportal//iitmsite/fac/008297','\"\"'),(1,'Sukhendu Das','Prof','CS','http://photos.iitm.ac.in/byid.php?id=002674','sdas@iitm.ac.in','','[u\'Visual perception\', u\'Vision, Graphics and Pattern recognition\', u\'Computational Engineering\']','\"\"','http://www.iitm.ac.in/fsportal//iitmsite/fac/002674','\"\"'),(2,'Siddhartha P. Duttagupta','','EE','http://www.ee.iitb.ac.in/web//images/sdgupta.jpg','sdgupta@ee.iitb.ac.in','','[u\' Microelectronics\', u\'  Micro/Nano Sensor Technology Optimization and Application\', u\'  Sensor Integrated Electronic Circuits and Systems- Design\', u\' Development and Deployment.\']','\"\"','http://www.ee.iitb.ac.in/web/faculty/homepage/sdgupta','\"\"'),(1,'Shruti Dubey','AP','MA','http://photos.iitm.ac.in/byid.php?id=008461','sdubey@iitm.ac.in','','[u\'Nolinear analysis of functional differential equations\', u\'Mathematical study of ferromagnetic systems\']','\"\"','http://www.iitm.ac.in/fsportal//iitmsite/fac/008461','\"\"'),(1,'Seetharam K E','AP','CE','http://photos.iitm.ac.in/byid.php?id=ADF020','seetharam@iitm.ac.in','','[u\'\']','\"\"','http://www.iitm.ac.in/fsportal//iitmsite/fac/ADF020','\"\"'),(1,'Selvam P','Prof','CY','http://photos.iitm.ac.in/byid.php?id=008267','selvam@iitm.ac.in','','[u\'Nanostructured Materials\', u\'Heterogeneous Catalysis\', u\'Solid State and Surface Chemistry\', u\'Microporous and Mesoporous Molecular Sieves - Aluminosilicates, Aluminophosphates, Metal Oxides, Carbons\', u\'Functional Materials including Organic-Inorganic','\"\"','http://www.iitm.ac.in/fsportal//iitmsite/fac/008267','\"\"'),(1,'Shaikh Faruque Ali','AP','AM','http://photos.iitm.ac.in/byid.php?id=008513','sfali@iitm.ac.in','','[u\'Vibration control\', u\'control of nonlinear systems\', u\'feedback linearization\', u\'energy harvesting\', u\'structural dynamics.\']','\"\"','http://www.iitm.ac.in/fsportal//iitmsite/fac/008513','\"\"'),(2,'Swaroop  Ganguly','','EE','http://www.ee.iitb.ac.in/web//images/swaroop_.jpg','sganguly@ee.iitb.ac.in','','[u\' Physics and technology of nanoscale devices\', u\' Spin-based devices and circuits\', u\' Energy-conversion devices\', u\' Neuromorphic devices and circuits.\']','\"\"','http://www.ee.iitb.ac.in/web/faculty/homepage/sganguly','\"\"'),(1,'Santanu Ghosh','AP','AE','http://photos.iitm.ac.in/byid.php?id=008522','sghosh1@iitm.ac.in','','[u\'High speed flow\', u\'Shock/boundary-layer interaction\', u\'Immersed boundary methods\', u\'Hybrid LES / RANS Turbulence models\', u\'Two phase flow\']','\"\"','http://www.iitm.ac.in/fsportal//iitmsite/fac/008522','\"\"'),(1,'Sundargopal Ghosh','ASP','CY','http://photos.iitm.ac.in/byid.php?id=008224','sghosh@iitm.ac.in','','[u\'\']','\"\"','http://www.iitm.ac.in/fsportal//iitmsite/fac/008224','\"\"'),(2,'Shalabh  Gupta','','EE','http://www.ee.iitb.ac.in/web//images/shalabh.jpg','shalabh@ee.iitb.ac.in','','[u\' High-speed CMOS analog/RF/mm-wave integrated circuits and systems\', u\' Optical fiber communication systems\', u\'  Microwave photonics / ultrafast data conversion using photonics \', u\' Beamforming antenna systems\', u\' Signal processing for these systems','\"\"','http://www.ee.iitb.ac.in/web/faculty/homepage/shalabh','\"\"'),(1,'Shaligram Tiwari','ASP','ME','http://photos.iitm.ac.in/byid.php?id=008239','shaligt@iitm.ac.in','','[u\'Thermocapillary Convection\', u\'Heat and Mass Transfer\', u\'Vortex Dynamics\', u\'Computational Fluid Dynamics\', u\'Flow Transitions and Instabilities\']','\"\"','http://www.iitm.ac.in/fsportal//iitmsite/fac/008239','\"\"'),(1,'Shamit Bakshi','ASP','ME','http://photos.iitm.ac.in/byid.php?id=008191','shamit@iitm.ac.in','','[u\'IC Engines\', u\'Dynamics of droplets and sprays\', u\'Computational Fluid Dynamics\']','\"\"','http://www.iitm.ac.in/fsportal//iitmsite/fac/008191','\"\"'),(1,'Shankar Ram C S','ASP','ED','http://photos.iitm.ac.in/byid.php?id=008265','shankarram@iitm.ac.in','','[u\'Brakes\', u\'Mathematical Modelling\', u\'Control\', u\'Automotive Systems\', u\'Fault Diagnosis\', u\'Vehicle Dynamics\']','\"\"','http://www.iitm.ac.in/fsportal//iitmsite/fac/008265','\"\"'),(1,'Sankara J Subramanian','ASP','ED','http://photos.iitm.ac.in/byid.php?id=008360','shankar_sj@iitm.ac.in','','[u\'Digital Image Correlation\', u\'Finite Element Analysis\']','\"\"','http://www.iitm.ac.in/fsportal//iitmsite/fac/008360','\"\"'),(1,'Shanthi Pavan','Prof','EE','http://photos.iitm.ac.in/byid.php?id=008093','shanthi.pavan@iitm.ac.in','','[u\'Analog and Mixed Signal VLSI Design\', u\'RF and Microwave Engineering\', u\'High Speed Signal Processing\']','\"\"','http://www.iitm.ac.in/fsportal//iitmsite/fac/008093','\"\"'),(1,'Shanti Bhattacharya','ASP','EE','http://photos.iitm.ac.in/byid.php?id=008193','shantib@iitm.ac.in','','[u\'Diffractive Optics\', u\'Fibre Interferometry\', u\'Optical MEMS\']','\"\"','http://www.iitm.ac.in/fsportal//iitmsite/fac/008193','\"\"'),(3,'Sharad Gokhale','','CV','http://www.iitg.ac.in/civil/fac_images/Sharad_Gokhale.jpg','sharadbg@iitg.ernet.in','','[u\'Areas of Interest:\', u\'Air pollution and environmental noise\', u\'Air quality modeling for traffic, industries, power plants\', u\'Traffic flow and emission, atmospheric dispersion\', u\'Indoor air quality, EIA, source apportionment, human exposure\']','[]','http://www.iitg.ac.in/sharadbg/','Environmental Engineering'),(2,'Sharat Chandran','','CS','','sharat@cs.iitb.ac.in','','[u\' Graphics\', u\' Computer Vision\', u\' Computational Geometry\', u\' Parallel Algorithms\', u\' Visualization\', u\' Medical Imaging\']','\"\"','http://www.cse.iitb.ac.in/~sharat','\"\"'),(1,'Kulkarni S H','Prof','MA','http://photos.iitm.ac.in/byid.php?id=002627','shk@iitm.ac.in','','[u\'\']','\"\"','http://www.iitm.ac.in/fsportal//iitmsite/fac/002627','\"\"'),(1,'Shrikumar Suryanarayan','AP','BT','http://photos.iitm.ac.in/byid.php?id=ADF012','shrikumars@iitm.ac.in','','[u\'\']','\"\"','http://www.iitm.ac.in/fsportal//iitmsite/fac/ADF012','\"\"'),(3,'Hrishikesh Sharma','','CV','http://www.iitg.ac.in/civil/fac_images/Hrishikesh_Sharma.jpg','shrishi@iitg.ernet.in','','[u\'Areas of Interest:\', u\'Impact and Blast Resistant Design\', u\'Reliability Analysis and Performance Based Engineering\', u\'Design and Optimization of Protection Measures\']','[]','http://www.iitg.ac.in/shrishi/','Structural Engineering'),(1,'Ajay Kumar Shukla','AP','MM','http://photos.iitm.ac.in/byid.php?id=008555','shukla@iitm.ac.in','','[u\'Process modeling, control and optimization of iron and steelmaking\', u\'Computational thermodynamics and its application to high temperature metallurgical processes\', u\'Application of soft computing techniques (ANN, GA) to metallurgical processes\', u\'He','\"\"','http://www.iitm.ac.in/fsportal//iitmsite/fac/008555','\"\"'),(1,'Shunmugam M S','Prof','ME','http://photos.iitm.ac.in/byid.php?id=002579','shun@iitm.ac.in','','[u\'\']','\"\"','http://www.iitm.ac.in/fsportal//iitmsite/fac/002579','\"\"'),(1,'Sibylle Petrak','ASP','HS','http://photos.iitm.ac.in/byid.php?id=V00089','sibylle@iitm.ac.in','','[u\'\']','\"\"','http://www.iitm.ac.in/fsportal//iitmsite/fac/V00089','\"\"'),(2,'G. Sivakumar','','CS','','siva@cs.iitb.ac.in','','[u\'  Automated Reasoning\', u\' Logic Programming\', u\' Rewrite Systems\', u\' Networks\', u\' Distributed Systems\']','\"\"','http://www.cse.iitb.ac.in/~siva','\"\"'),(1,'Siva Prasad N','Prof','ME','http://photos.iitm.ac.in/byid.php?id=002589','siva@iitm.ac.in','','[u\'\']','\"\"','http://www.iitm.ac.in/fsportal//iitmsite/fac/002589','\"\"'),(1,'Sreenivas Jayanti','Prof','CH','http://photos.iitm.ac.in/byid.php?id=002646','sjayanti@iitm.ac.in','','[u\'\']','\"\"','http://www.iitm.ac.in/fsportal//iitmsite/fac/002646','\"\"'),(1,'Jayachandran S','Prof','MS','http://photos.iitm.ac.in/byid.php?id=002757','sjc@iitm.ac.in','','[u\'Markeing Management\']','\"\"','http://www.iitm.ac.in/fsportal//iitmsite/fac/002757','\"\"'),(1,'Santhosh Gharpure','AP','CY','http://photos.iitm.ac.in/byid.php?id=008168','sjgharpure@iitm.ac.in','','[u\'\']','\"\"','http://www.iitm.ac.in/fsportal//iitmsite/fac/008168','\"\"'),(1,'Satyajit Roy','Prof','MA','http://photos.iitm.ac.in/byid.php?id=005011','sjroy@iitm.ac.in','','[u\'\']','\"\"','http://www.iitm.ac.in/fsportal//iitmsite/fac/005011','\"\"'),(1,'Sheetal Kalyani','AP','EE','http://photos.iitm.ac.in/byid.php?id=008565','skalyani@iitm.ac.in','','[u\'\']','\"\"','http://www.iitm.ac.in/fsportal//iitmsite/fac/008565','\"\"'),(1,'Bhattacharya S K','Prof','OE','http://photos.iitm.ac.in/byid.php?id=003041','skbh@iitm.ac.in','','[u\'\']','\"\"','http://www.iitm.ac.in/fsportal//iitmsite/fac/003041','\"\"'),(1,'Saritkumar Das','Prof','ME','http://photos.iitm.ac.in/byid.php?id=002544','skdas@iitm.ac.in','','[u\'Heat transfer in nano-fluids\', u\'Heat transfer in porous media\', u\'Transition to turbulence\', u\'Computational fluid dynamics and heat transfer\', u\'Microchannel flow and heat transfer\', u\'Plate and compact heat exchangers\', u\'Heat and mass transfer in f','\"\"','http://www.iitm.ac.in/fsportal//iitmsite/fac/002544','\"\"'),(3,'Sajal K. Deb','','CV','http://www.iitg.ac.in/civil/fac_images/Sajal_K_Deb.jpg','skdeb@iitg.ernet.in','','[u\'Areas of Interest:\', u\'Passive and semi-active control\', u\'Performance based seismic design\', u\'System identification &amp; structural health monitoring\', u\'Seismic damage assessment\']','[]','http://www.iitg.ac.in/skdeb/','Structural Engineering'),(1,'Varadhan S K M','AP','AM','http://photos.iitm.ac.in/byid.php?id=008552','skm@iitm.ac.in','','[u\'Neuromechanics\', u\'Motor learning\', u\'Rehabilitation\', u\'Understanding action &amp; perception coupling\']','\"\"','http://www.iitm.ac.in/fsportal//iitmsite/fac/008552','\"\"'),(1,'Sushanta Kumar Panigrahi','AP','ME','http://photos.iitm.ac.in/byid.php?id=008517','skpanigrahi@iitm.ac.in','','[u\'\']','\"\"','http://www.iitm.ac.in/fsportal//iitmsite/fac/008517','\"\"'),(1,'Shankar Krishnapillai','Prof','ME','http://photos.iitm.ac.in/byid.php?id=008154','skris@iitm.ac.in','','[u\'Optimization methods\', u\'Vibrations\', u\'Inverse Problems\', u\'Machine Design\']','\"\"','http://www.iitm.ac.in/fsportal//iitmsite/fac/008154','\"\"'),(1,'Srikrishna B','ASP','EE','http://photos.iitm.ac.in/byid.php?id=008123','skrishna@iitm.ac.in','','[u\'Communication and Information theory\', u\'Wireless Networks\', u\'Statistical Signal processing\']','\"\"','http://www.iitm.ac.in/fsportal//iitmsite/fac/008123','\"\"'),(1,'Krishna M Sivalingam','Prof','CS','http://photos.iitm.ac.in/byid.php?id=008298','skrishnam@iitm.ac.in','','[u\'Wireless Networks and Wireless Sensor Networks\', u\'Optical Networks\', u\'Computer Networks\']','\"\"','http://www.iitm.ac.in/fsportal//iitmsite/fac/008298','\"\"'),(1,'Seshadri S K','Prof','MM','http://photos.iitm.ac.in/byid.php?id=e01069','sks@iitm.ac.in','','[u\'\']','\"\"','http://www.iitm.ac.in/fsportal//iitmsite/fac/e01069','\"\"'),(1,'Lakshmi Bala S','Prof','PH','http://photos.iitm.ac.in/byid.php?id=001606','slbala@iitm.ac.in','','[u\'\']','\"\"','http://www.iitm.ac.in/fsportal//iitmsite/fac/001606','\"\"'),(1,'Sundar S','Prof','MA','http://photos.iitm.ac.in/byid.php?id=005037','slnt@iitm.ac.in','','[u\'Mathematical Modeling and Numerical Simulation\', u\'Numerics for Partial Differential Equations\']','\"\"','http://www.iitm.ac.in/fsportal//iitmsite/fac/005037','\"\"'),(2,'Saurabh  Lodha','','EE','http://www.ee.iitb.ac.in/web//images/slodha.jpg','slodha@ee.iitb.ac.in','','[u\' CMOS process integration and device physics\', u\' Materials and processes for advanced CMOS devices\', u\' Metal-semiconductor interfaces\', u\' Molecular devices.\']','\"\"','http://www.ee.iitb.ac.in/web/faculty/homepage/slodha','\"\"'),(1,'Shireen Mirza','AP','HS','http://photos.iitm.ac.in/byid.php?id=008515','smirza@iitm.ac.in','','[u\'\']','\"\"','http://www.iitm.ac.in/fsportal//iitmsite/fac/008515','\"\"'),(1,'Smita Srivastava','AP','BT','http://photos.iitm.ac.in/byid.php?id=008458','smita@iitm.ac.in','','[u\'1. To develop in vitro plant cell/hairy root cultures for enhanced production of low-volume, high value secondary metabolites\', u\'2. Phytoremediation\']','\"\"','http://www.iitm.ac.in/fsportal//iitmsite/fac/008458','\"\"'),(1,'Mohan S','AP','HS','http://photos.iitm.ac.in/byid.php?id=002770','smo@iitm.ac.in','','[u\'\']','\"\"','http://www.iitm.ac.in/fsportal//iitmsite/fac/002770','\"\"'),(1,'Mohan S','Prof','CE','http://photos.iitm.ac.in/byid.php?id=002786','smohan@iitm.ac.in','','[u\'xe2u20acxa2	Environmental Engineering:\r\nWater Quality Modeling, Air Quality Modeling, Solid Waste Management,   Environmental Systems Analysis, Risk Assessment, City Water Planning and Analysis, Environmental Impact Assessment, Evolutionary Algorithms ','\"\"','http://www.iitm.ac.in/fsportal//iitmsite/fac/002786','\"\"'),(1,'Shiva Nagendra S M','ASP','CE','http://photos.iitm.ac.in/byid.php?id=008251','snagendra@iitm.ac.in','','[u\'Urban air quality management\', u\'Air Pollution Source Apportionment and Industrial Air Pollution Control\', u\'Vehicular Pollution Modelling\', u\'Indoor Air Quality\', u\'Statistical Techniques for Environmental Data Analysis\']','\"\"','http://www.iitm.ac.in/fsportal//iitmsite/fac/008251','\"\"'),(1,'Soumendra Nath Kuiry','AP','CE','http://photos.iitm.ac.in/byid.php?id=008566','snkuiry@iitm.ac.in','','[u\'\']','\"\"','http://www.iitm.ac.in/fsportal//iitmsite/fac/008566','\"\"'),(2,'Milind Sohoni','','CS','','sohoni@cs.iitb.ac.in','','[u\'  Combinatorial Optimization\', u\' Mathematical Programming\', u\' Algorithms\']','\"\"','http://www.cse.iitb.ac.in/~sohoni','\"\"'),(1,'Soma Guhathakurtha','AP','ED','http://photos.iitm.ac.in/byid.php?id=V01161','soma@iitm.ac.in','','[u\'\']','\"\"','http://www.iitm.ac.in/fsportal//iitmsite/fac/V01161','\"\"'),(2,'Shreevardhan A. Soman','','EE','http://www.ee.iitb.ac.in/web//images/soman.jpg','soman@ee.iitb.ac.in','','[u\' Power system analysis\', u\' computation and economics\', u\' Power system protection.\']','\"\"','http://www.ee.iitb.ac.in/web/faculty/homepage/soman','\"\"'),(1,'Somashekhar S','ASP','ME','http://photos.iitm.ac.in/byid.php?id=008326','somashekhar@iitm.ac.in','','[u\'Fluid Power Systems\', u\'Mechatronics System Design\', u\'Nonconventioal Machining Processess\', u\'Finite Element Analysis-Fluid Structure Interaction\', u\'Robotics\']','\"\"','http://www.iitm.ac.in/fsportal//iitmsite/fac/008326','\"\"'),(1,'Somnath Chanda Roy','AP','PH','http://photos.iitm.ac.in/byid.php?id=008466','somnath@iitm.ac.in','','[u\'Nano-Materials for applications in Energy and Environment, Photocatalytic reduction of Carbon dioxide using metal-oxide nanotubes, Nanotube based sensors for Green-house gases, Electrical conduction in nanomaterials\']','\"\"','http://www.iitm.ac.in/fsportal//iitmsite/fac/008466','\"\"'),(1,'Sonika Gupta','AP','HS','http://photos.iitm.ac.in/byid.php?id=008292','sonika@iitm.ac.in','','[u\'Human Rights and Human Security\', u\'International Relations Theory\', u\'Chinese Domestic Politics\', u\'Chinese foreign policy\', u\'Nuclearisation of South Asia\']','\"\"','http://www.iitm.ac.in/fsportal//iitmsite/fac/008292','\"\"'),(2,'Soumen Chakrabarti','','CS','','soumen@cs.iitb.ac.in','','[u\' Hypertext databases\', u\' Data mining\']','\"\"','http://www.cse.iitb.ac.in/~soumen','\"\"'),(1,'Sounaka Mishra','AP','MA','http://photos.iitm.ac.in/byid.php?id=008257','sounak@iitm.ac.in','','[u\'Combinatorial Optimization\', u\'Approximation Algorithms\']','\"\"','http://www.iitm.ac.in/fsportal//iitmsite/fac/008257','\"\"'),(2,'Souvik  Mahapatra','','EE','http://www.ee.iitb.ac.in/web//images/souvik.jpg','souvik@ee.iitb.ac.in','','[u\' Electrical characterization\', u\' modeling and simulation of micro/nano electronic devices\', u\' \nNBTI/PBTI and Hot carrier degradation in MOSFETs\', u\' \nHigh-k gate dielectrics\', u\' Advanced CMOS device reliability\', u\' Flash EEPROMs - Floating gate\', u','\"\"','http://www.ee.iitb.ac.in/web/faculty/homepage/souvik','\"\"'),(1,'Sivakumar Palaniappan','AP','CE','http://photos.iitm.ac.in/byid.php?id=008448','sp@iitm.ac.in','','[u\'Sustainable Construction\', u\'Construction Process Modeling and Simulation\', u\'Information Technology Application in Construction\']','\"\"','http://www.iitm.ac.in/fsportal//iitmsite/fac/008448','\"\"'),(1,'Shyama Prasad Das','AP','ME','http://photos.iitm.ac.in/byid.php?id=008557','spdas@iitm.ac.in','','[u\'Unsteady Hydrodynamics and Aerodynamics\', u\'Turbomachines\', u\'Interfacial Hydrodynamics and Transport\', u\'Phase Change Heat Transfer in Mini System\']','\"\"','http://www.iitm.ac.in/fsportal//iitmsite/fac/008557','\"\"'),(1,'Pushpavanam S','Prof','CH','http://photos.iitm.ac.in/byid.php?id=000132','spush@iitm.ac.in','','[u\'\']','\"\"','http://www.iitm.ac.in/fsportal//iitmsite/fac/000132','\"\"'),(1,'Venkateshan S P','Prof','ME','http://photos.iitm.ac.in/byid.php?id=e03114','spv@iitm.ac.in','','[u\'\']','\"\"','http://www.iitm.ac.in/fsportal//iitmsite/fac/e03114','\"\"'),(1,'Ramakrishnan S','ASP','AM','http://photos.iitm.ac.in/byid.php?id=008393','sramki@iitm.ac.in','','[u\'\']','\"\"','http://www.iitm.ac.in/fsportal//iitmsite/fac/008393','\"\"'),(1,'Chakravarthy S R','Prof','AE','http://photos.iitm.ac.in/byid.php?id=000351','src@iitm.ac.in','','[u\'Computational combustion\', u\'Combustion and Propulsion\', u\'Combustion instability\', u\'Solid propellants and metal (nano-aluminium) combustion\', u\'Fluid Mechanics\', u\'Laser diagnostics\']','\"\"','http://www.iitm.ac.in/fsportal//iitmsite/fac/000351','\"\"'),(1,'Srilata K','Prof','HS','http://photos.iitm.ac.in/byid.php?id=008096','sree@iitm.ac.in','','[u\'\']','\"\"','http://www.iitm.ac.in/fsportal//iitmsite/fac/008096','\"\"'),(3,'Sreeja P.','','CV','http://www.iitg.ac.in/civil/fac_images/Sreeja_P.jpg','sreeja@iitg.ernet.in','','[u\'Areas of Interest:\', u\'Urban Flood Modeling\', u\'Modeling and Control of Open Channel Flows\', u\'Infiltration and artificial recharge\', u\'Stochastic Hydrology\', u\'River Mechanics\']','[]','http://www.iitg.ac.in/sreeja/','Water Resources Engineering'),(3,'Sreedeep S.','','CV','http://www.iitg.ac.in/civil/fac_images/Sreedeep_S.jpg','srees@iitg.ernet.in','','[u\'Areas of Interest:\', u\'Behavioral studies on unsaturated porous media\', u\'Characterization of geo-materials (soils and rocks)\', u\'Thermal characteristics of geo-materials\', u\'Contaminant transport and retention studies\', u\'Waste containment studies\', u','[]','http://www.iitg.ac.in/srees/','Geotechnical Engineering'),(1,'Gandhi S R','Prof','CE','http://photos.iitm.ac.in/byid.php?id=003105','srgandhi@iitm.ac.in','','[u\'\']','\"\"','http://www.iitm.ac.in/fsportal//iitmsite/fac/003105','\"\"'),(2,'Sridhar Iyer','','CS','','sri@cs.iitb.ac.in','','[u\' Mobile Computing\', u\' Distributed Systems\', u\' Educational Software.\']','\"\"','http://www.cse.iitb.ac.in/~sri','\"\"'),(1,'Sridharan  K','Prof','EE','http://photos.iitm.ac.in/byid.php?id=008033','sridhara@iitm.ac.in','','[u\'\']','\"\"','http://www.iitm.ac.in/fsportal//iitmsite/fac/008033','\"\"'),(1,'Sridharakumar Narasimhan','ASP','CH','http://photos.iitm.ac.in/byid.php?id=008328','sridharkrn@iitm.ac.in','','[u\'Process systems engineering\', u\'Process control\', u\'Optimization\', u\'Fault diagnosis\', u\'System identification\', u\'Systems biology\']','\"\"','http://www.iitm.ac.in/fsportal//iitmsite/fac/008328','\"\"'),(1,'Srikanth Vedantam','ASP','ED','http://photos.iitm.ac.in/byid.php?id=008420','srikanth@iitm.ac.in','','[u\'Design with novel materials\', u\'Mechanical behaviour of materials\', u\'Wetting\', u\'Microstructure Evolution\', u\'Granular flows\']','\"\"','http://www.iitm.ac.in/fsportal//iitmsite/fac/008420','\"\"'),(1,'Srinivasan S','Prof','EE','http://photos.iitm.ac.in/byid.php?id=e01159','srinis@iitm.ac.in','','[u\'\']','\"\"','http://www.iitm.ac.in/fsportal//iitmsite/fac/e01159','\"\"'),(1,'Ramanathan S','ASP','CH','http://photos.iitm.ac.in/byid.php?id=008129','srinivar@iitm.ac.in','','[u\'Chemical Mechanical Planarizaiton (CMP)\', u\'Electrochemistry\', u\'Materials (microwave processing, nanoparticle synthesis)\']','\"\"','http://www.iitm.ac.in/fsportal//iitmsite/fac/008129','\"\"'),(1,'Sriram P','Prof','AE','http://photos.iitm.ac.in/byid.php?id=002707','sriram@iitm.ac.in','','[u\'parallel and distributed computing\', u\'fracture mechanics\', u\'composite materials\']','\"\"','http://www.iitm.ac.in/fsportal//iitmsite/fac/002707','\"\"'),(1,'Sriramkumar L','ASP','PH','http://photos.iitm.ac.in/byid.php?id=008479','sriramkumar@iitm.ac.in','','[u\'\']','\"\"','http://www.iitm.ac.in/fsportal//iitmsite/fac/008479','\"\"'),(1,'Sanyasiraju Y V S S','Prof','MA','http://photos.iitm.ac.in/byid.php?id=005020','sryedida@iitm.ac.in','','[u\'Computational Fluid Dynamics\', u\'Development of numerical schemes for incompressible viscous flows\']','\"\"','http://www.iitm.ac.in/fsportal//iitmsite/fac/005020','\"\"'),(1,'Sankaran S','ASP','MM','http://photos.iitm.ac.in/byid.php?id=008277','ssankaran@iitm.ac.in','','[u\'3. Electron microscopy\', u\'2. Mechanical behaviour-microstructure relationship of materials\', u\'1.Deformation processing of Materials\', u\'4. Stereology\']','\"\"','http://www.iitm.ac.in/fsportal//iitmsite/fac/008277','\"\"'),(1,'Bhattacharya S S','Prof','MM','http://photos.iitm.ac.in/byid.php?id=002447','ssb@iitm.ac.in','','[u\'Superplasticity &amp; Superplastic Forming - Experimental, Theoretical &amp; Modeling\', u\'Synthesis of Nanocrystalline Materials\', u\'Consolidation, Processing and Characterisation of Nanocrystalline Materials\', u\'Metal Forming - Experimental &amp; Mode','\"\"','http://www.iitm.ac.in/fsportal//iitmsite/fac/002447','\"\"'),(1,'Gokhale S S N','Prof','AE','http://photos.iitm.ac.in/byid.php?id=002703','ssg1@iitm.ac.in','','[u\'\']','\"\"','http://www.iitm.ac.in/fsportal//iitmsite/fac/002703','\"\"'),(1,'Srinivasa Murthy S','Prof','ME','http://photos.iitm.ac.in/byid.php?id=e01156','ssmurthy@iitm.ac.in','','[u\'\']','\"\"','http://www.iitm.ac.in/fsportal//iitmsite/fac/e01156','\"\"'),(1,'Soundarapandian S','AP','ME','http://photos.iitm.ac.in/byid.php?id=008579','sspandian@iitm.ac.in','','[u\'\']','\"\"','http://www.iitm.ac.in/fsportal//iitmsite/fac/008579','\"\"'),(3,'Sudip Talukdar','','CV','http://www.iitg.ac.in/civil/fac_images/Sudip_Talukdar.jpg','staluk@iitg.ernet.in','','[u\'Areas of Interest:\', u\'Structural Dynamics\', u\'Bridge Engineering\', u\'Wind induced vibration &amp; control\', u\'Non destructive techniques\']','[]','http://www.iitg.ac.in/staluk/','Structural Engineering'),(1,'Subash S','AP','HS','http://photos.iitm.ac.in/byid.php?id=008489','subash@iitm.ac.in','','[u\'Foreign Direct Investment\r\nIndustrial Organization and Applied Microeconomics\r\nEconomics of Innovation and Technological Change\']','\"\"','http://www.iitm.ac.in/fsportal//iitmsite/fac/008489','\"\"'),(3,'Subashisa Dutta','','CV','http://www.iitg.ac.in/civil/fac_images/Subashisa_Dutta.jpg','subashisa@iitg.ernet.in','','[u\'Areas of Interest:\', u\'Meso-Scale Distributed hydrological modeling\', u\'Satellite Remote Sensing and GIS for Water resources Management\', u\'Computational river hydraulics and its applications\', u\'Watershed and Irrigation Management\']','[]','http://www.iitg.ac.in/subashisa/','Irrigation And Hydraulics Engineering'),(1,'Subhadeep Banerjee','AP','CE','http://photos.iitm.ac.in/byid.php?id=008478','subhadeep@iitm.ac.in','','[u\'\']','\"\"','http://www.iitm.ac.in/fsportal//iitmsite/fac/008478','\"\"'),(2,'Subhananda  Chakrabarti','','EE','http://www.ee.iitb.ac.in/web//images/DSC_8477_uscopy.JPG','subho@ee.iitb.ac.in','','[u\' III-V Compound semiconductor materials growth and characterization\', u\'  Optoelectronic Devices of interest includes quantum dot photodetectors and Solar cells\', u\'  III-V device integration on germanium.\']','\"\"','http://www.ee.iitb.ac.in/web/faculty/homepage/subho','\"\"'),(1,'Anantha Subramanian V','Prof','OE','http://photos.iitm.ac.in/byid.php?id=003107','subru@iitm.ac.in','','[u\'\']','\"\"','http://www.iitm.ac.in/fsportal//iitmsite/fac/003107','\"\"'),(1,'Sudarsan P','ASP','HS','http://photos.iitm.ac.in/byid.php?id=008300','sudarsanp@iitm.ac.in','','[u\'Indian Medical Ethics\', u\'Indian Philosophy and Culture\', u\'Social and Political Systems\', u\'Civil Society\']','\"\"','http://www.iitm.ac.in/fsportal//iitmsite/fac/008300','\"\"'),(2,'S. Sudarshan (Department Head)','','CS','','sudarsha@cs.iitb.ac.in','','[u\' Query processing and optimization\', u\' Keyword querying on structured and semi-structured data\', u\' Testing database applications\']','\"\"','http://www.cse.iitb.ac.in/~sudarsha','\"\"'),(1,'Sudheer K P','Prof','CE','http://photos.iitm.ac.in/byid.php?id=008121','sudheer@iitm.ac.in','','[u\'Hydrologic Modelling, Stochastic Hydrology, Hydrological forecasting\', u\'Predictions in Ungauged Basins, Uncertainty Analysis, Sensitivity Analysis\', u\'Application of ANN and Fuzzy systems to Hydrology and Water Resources\', u\'Knowledge Extraction from ','\"\"','http://www.iitm.ac.in/fsportal//iitmsite/fac/008121','\"\"'),(1,'Sujatha C','Prof','ME','http://photos.iitm.ac.in/byid.php?id=002489','sujatha@iitm.ac.in','','[u\'\']','\"\"','http://www.iitm.ac.in/fsportal//iitmsite/fac/002489','\"\"'),(3,'Sujit K. Dash','','CV','http://www.iitg.ac.in/civil/fac_images/Sujit_K_Dash.jpg','sujit@iitg.ernet.in','','[u\'Areas of Interest:\', u\'Reinforced Soil Structures\', u\'Shallow and Deep Foundations\', u\'Ground Improvement Techniques\']','[]','http://www.iitg.ac.in/sujit/','Geotechnical Engineering'),(1,'Sujith R I','Prof','AE','http://photos.iitm.ac.in/byid.php?id=002696','sujith@iitm.ac.in','','[u\'Combustion Instability\', u\'Acoustics\', u\'Optical Flow Diagostics (PIV, PLIF, LDV, PDPA)\']','\"\"','http://www.iitm.ac.in/fsportal//iitmsite/fac/002696','\"\"'),(1,'Sujatha Srinivasan','ASP','ME','http://photos.iitm.ac.in/byid.php?id=008319','sujsree@iitm.ac.in','','[u\'Mechanisms\', u\'Prosthetics and Orthotics\', u\'Clinical biomechanics\', u\'Assistive devices\']','\"\"','http://www.iitm.ac.in/fsportal//iitmsite/fac/008319','\"\"'),(1,'Sumantran','AP','BT','http://photos.iitm.ac.in/byid.php?id=ADF021','sumantran@iitm.ac.in','','[u\'\']','\"\"','http://www.iitm.ac.in/fsportal//iitmsite/fac/ADF021','\"\"'),(1,'Sunethra Ramanan','AP','PH','http://photos.iitm.ac.in/byid.php?id=008486','suna@iitm.ac.in','','[u\'\']','\"\"','http://www.iitm.ac.in/fsportal//iitmsite/fac/008486','\"\"'),(2,'Sundar Vishwanathan','','CS','','sundar@cs.iitb.ac.in','','[u\' Algorithms\', u\' Combinatorics\', u\' Complexity Theory.\']','\"\"','http://www.cse.iitb.ac.in/~sundar','\"\"'),(1,'Sunetra  sarkar','ASP','AE','http://photos.iitm.ac.in/byid.php?id=008294','sunetra@iitm.ac.in','','[u\'Uncertainty quantification\', u\'Unsteady aerodynamics of insect-like flapping bodies\', u\'Fluid-structure interaction, aeroelasticity\', u\'Flow-field simulation using particle based techniques\']','\"\"','http://www.iitm.ac.in/fsportal//iitmsite/fac/008294','\"\"'),(1,'Sunil Kumar P B','Prof','PH','http://photos.iitm.ac.in/byid.php?id=005026','sunil@iitm.ac.in','','[u\'Biological Physics\', u\'Soft Matter\', u\'Statistical Physics\']','\"\"','http://www.iitm.ac.in/fsportal//iitmsite/fac/005026','\"\"'),(2,'Sunita Sarawagi','','CS','','sunita@cs.iitb.ac.in','','[u\' Machine Learning\', u\' Databases\', u\' Data mining\', u\'  and Graphical Models as applied to domains like web information extraction\', u\' data integration\', u\'  social networking.\']','\"\"','http://www.cse.iitb.ac.in/~sunita','\"\"'),(2,'Supratik Chakraborty','','CS','','supratik@cs.iitb.ac.in','','[u\' Formal techniques for analysis\', u\' verification\', u\' validation of digital systems\', u\' Asynchronous timing analysis.\']','\"\"','http://www.cse.iitb.ac.in/~supratik','\"\"'),(1,'Surendran S','Prof','OE','http://photos.iitm.ac.in/byid.php?id=000031','sur@iitm.ac.in','','[u\'Ship Motion Studies and Control\', u\'Ship Structure\', u\'Floating Body Dynamics\', u\'Design of Ships and Floating Bodies\']','\"\"','http://www.iitm.ac.in/fsportal//iitmsite/fac/000031','\"\"'),(1,'Suresh Govindarajan','Prof','PH','http://photos.iitm.ac.in/byid.php?id=002724','suresh@iitm.ac.in','','[u\'Quantum Field Theory\', u\'Black Holes\', u\'Mathematical Physics\', u\'String Theory\']','\"\"','http://www.iitm.ac.in/fsportal//iitmsite/fac/002724','\"\"'),(1,'Sureshbabu M','ASP','HS','http://photos.iitm.ac.in/byid.php?id=008227','sureshbabum@iitm.ac.in','','[u\'\']','\"\"','http://www.iitm.ac.in/fsportal//iitmsite/fac/008227','\"\"'),(1,'Susy Varughese','Prof','CH','http://photos.iitm.ac.in/byid.php?id=000047','susy@iitm.ac.in','','[u\'xc3xa2xc2u20ac\', u\'xc2xa2 Polymers at surfaces and interfaces (physics/mechanics)\', u\'xc3xa2xc2u20ac\', u\'xc2xa2 Electronically and ionically conducting polymers\', u\'xc3xa2xc2u20ac\', u\'xc2xa2 Polymer-filler interactions\', u\'xc3xa2xc2u20ac\', u\'xc2xa2 Rec','\"\"','http://www.iitm.ac.in/fsportal//iitmsite/fac/000047','\"\"'),(1,'Sutanu Chakraborti','AP','CS','http://photos.iitm.ac.in/byid.php?id=008342','sutanuc@iitm.ac.in','','[u\'\']','\"\"','http://www.iitm.ac.in/fsportal//iitmsite/fac/008342','\"\"'),(2,'Suyash P. Awate','','CS','','suyash@cs.iitb.ac.in','','[u\' Image Processing\', u\' Medical Image Computing\', u\' Computer Vision\', u\' Statistical Inference\', u\' Machine Learning\']','\"\"','http://www.cse.iitb.ac.in/~suyash','\"\"'),(2,'Shrikrishna        V. Kulkarni','','EE','http://www.ee.iitb.ac.in/web//images/svksirnew.jpg','svk@ee.iitb.ac.in','','[u\' Transformers: Design\', u\' Analysis and Diagnostics\', u\' Electromagnetic and Coupled Field Computations\', u\' Power Engineering: Distributed Generation\', u\' High Voltage Engineering: Insulation Design/Diagnostics.\']','\"\"','http://www.ee.iitb.ac.in/web/faculty/homepage/svk','\"\"'),(1,'Raghavan S V','Prof','CS','http://photos.iitm.ac.in/byid.php?id=002676','svr@iitm.ac.in','','[u\'\']','\"\"','http://www.iitm.ac.in/fsportal//iitmsite/fac/002676','\"\"'),(1,'Parasuraman Swaminathan','AP','MM','http://photos.iitm.ac.in/byid.php?id=008591','swamnthn@iitm.ac.in','','[u\'Electronic materials\', u\'Phase transformations in multilayer systems\', u\'Nanocalorimetry - enthalpy measurement at rapid reaction rates\']','\"\"','http://www.iitm.ac.in/fsportal//iitmsite/fac/008591','\"\"'),(1,'Narayanaswamy N S','ASP','CS','http://photos.iitm.ac.in/byid.php?id=008103','swamy@iitm.ac.in','','[u\'Theoretical Computer Science\r\nGraph Theory and Combinatorics\r\nArtificial Intelligence\']','\"\"','http://www.iitm.ac.in/fsportal//iitmsite/fac/008103','\"\"'),(1,'Swarnalatha R','ASP','HS','http://photos.iitm.ac.in/byid.php?id=008226','swarna@iitm.ac.in','','[u\'\']','\"\"','http://www.iitm.ac.in/fsportal//iitmsite/fac/008226','\"\"'),(1,'Tabraz  S S','AP','HS','http://photos.iitm.ac.in/byid.php?id=008324','tabraz@iitm.ac.in','','[u\'\']','\"\"','http://www.iitm.ac.in/fsportal//iitmsite/fac/008324','\"\"'),(1,'Gonsalves T A','Prof','CS','http://photos.iitm.ac.in/byid.php?id=003110','tag@iitm.ac.in','','[u\'Distributed systems for rural applications\', u\'Computer and telecom networks\', u\'Network management systems (NMS)\']','\"\"','http://www.iitm.ac.in/fsportal//iitmsite/fac/003110','\"\"'),(1,'Tanmay Basak','Prof','CH','http://photos.iitm.ac.in/byid.php?id=008102','tanmay@iitm.ac.in','','[u\'Microwave Assisted Transport\', u\'Computational Fluid Flow and Heat Transfer\']','\"\"','http://www.iitm.ac.in/fsportal//iitmsite/fac/008102','\"\"'),(1,'Venkata Balaji T E','AP','MA','http://photos.iitm.ac.in/byid.php?id=008259','tevbal@iitm.ac.in','','[u\'Scheme-theoretic constructions over arbitrary base-schemes and Specialization problems\', u\'Algebraic Geometry\', u\'Commutative Algebra\', u\'Study of the singularities of moduli schemes\', u\'Degeneration of Azumaya algebras and of quadratic spaces\', u\'Geom','\"\"','http://www.iitm.ac.in/fsportal//iitmsite/fac/008259','\"\"'),(1,'Venkatesh T G','AP','EE','http://photos.iitm.ac.in/byid.php?id=005024','tgvenky@iitm.ac.in','','[u\'\']','\"\"','http://www.iitm.ac.in/fsportal//iitmsite/fac/005024','\"\"'),(1,'Thillai Rajan A','ASP','MS','http://photos.iitm.ac.in/byid.php?id=008222','thillair@iitm.ac.in','','[u\'Corporate Finance\', u\'Venture capital and Private Equity\', u\'Project and Infrastructure Finance\', u\'Public Private Participation\']','\"\"','http://www.iitm.ac.in/fsportal//iitmsite/fac/008222','\"\"'),(1,'Kamalanabhan TJ','Prof','MS','http://photos.iitm.ac.in/byid.php?id=002774','tjk@iitm.ac.in','','[u\'Human Resource Management\', u\'Organisational Behaviour\', u\'Industrial Psychology\']','\"\"','http://www.iitm.ac.in/fsportal//iitmsite/fac/002774','\"\"'),(2,'Ashutosh Trivedi','','CS','','trivedi@cs.iitb.ac.in','','[u\' Formal Methods in Verification and Synthesis\', u\' Cyber-Physical Systems\', u\'\']','\"\"','http://www.cse.iitb.ac.in/~trivedi','\"\"'),(1,'Sreeram T R','ASP','ED','http://photos.iitm.ac.in/byid.php?id=ADF011','trsreeram@iitm.ac.in','','[u\'\']','\"\"','http://www.iitm.ac.in/fsportal//iitmsite/fac/ADF011','\"\"'),(1,'Natarajan T S','Prof','PH','http://photos.iitm.ac.in/byid.php?id=002731','tsn@iitm.ac.in','','[u\'\']','\"\"','http://www.iitm.ac.in/fsportal//iitmsite/fac/002731','\"\"'),(1,'Prasanna Kumar T S','Prof','MM','http://photos.iitm.ac.in/byid.php?id=005027','tsp@iitm.ac.in','','[u\'\']','\"\"','http://www.iitm.ac.in/fsportal//iitmsite/fac/005027','\"\"'),(1,'Sampathkumar T S','Prof','MM','http://photos.iitm.ac.in/byid.php?id=005012','tssk@iitm.ac.in','','[u\'NANOSTRUCTURED BIOMATERIALS -\', u\'Nanocrystalline calcium phosphate ceramics, coatings &amp; cements\', u\'Antimicrobial materials &amp; drug delivery systems\', u\'Bioresorable &amp; bioactive nano composites\', u\'Nanostructured metallic implants\', u\'Value','\"\"','http://www.iitm.ac.in/fsportal//iitmsite/fac/005012','\"\"'),(1,'Sundararajan T','Prof','ME','http://photos.iitm.ac.in/byid.php?id=002572','tsundar@iitm.ac.in','','[u\'Spray Combustion\', u\'Computational Fluid Dynamics and Heat Transfer\']','\"\"','http://www.iitm.ac.in/fsportal//iitmsite/fac/002572','\"\"'),(1,'Narendran T T','Prof','MS','http://photos.iitm.ac.in/byid.php?id=002769','ttn@iitm.ac.in','','[u\'\']','\"\"','http://www.iitm.ac.in/fsportal//iitmsite/fac/002769','\"\"'),(1,'Thyagaraj T','AP','CE','http://photos.iitm.ac.in/byid.php?id=008335','ttraj@iitm.ac.in','','[u\'Ground improvement techniques\', u\'Geoenvironmental Engineering\', u\'Unsaturated soil behaviour\']','\"\"','http://www.iitm.ac.in/fsportal//iitmsite/fac/008335','\"\"'),(3,'T. V. Bharat','','CV','http://www.iitg.ac.in/civil/fac_images/T_V_Bharat.jpg','tvb@iitg.ernet.in','','[u\'Areas of Interest:\', u\'Behavior of unsaturated soils during infiltration & drainage\', u\'Settlement behavior of ultra-soft soils and mine tailings\', u\'Contaminant transport through landfill liners\', u\'Mineralogical aspects of clays\', u\'Inverse analysis ','[]','http://www.iitg.ac.in/tvb/','Geotechnical Engineering'),(2,'Uday B. Desai (Currently Director, IIT Hyderabad)','','EE','http://www.ee.iitb.ac.in/web//images/ubdesai.jpg','ubdesai@ee.iitb.ac.in','','[u\' Signal Processing\', u\' Wireless Communication (Multiuser Detection)\', u\' Adaptive Signal Processing\', u\' Image and Video Processing Wavelets\', u\' Biomedical Signal and Image Processing\', u\' Artificial Neural Networks.\']','\"\"','http://www.ee.iitb.ac.in/web/faculty/homepage/ubdesai','\"\"'),(2,'Uday Khedker','','CS','','uday@cs.iitb.ac.in','','[u\'  Programming Languages\', u\' Compilers\', u\' Data Flow Analysis.\']','\"\"','http://www.cse.iitb.ac.in/~uday','\"\"'),(2,'Udayan  Ganguly','','EE','http://www.ee.iitb.ac.in/web//images/udayan.jpg','udayan@ee.iitb.ac.in','','[u\' Flash Memory materials and device optimization\', u\' Nanocrystal\', u\' nanotubes\', u\' nanowires growth and device characterization\', u\' Novel materials/process integration in CMOS platform\', u\' Chemical and bio sensors\', u\' Experimental device physics w','\"\"','http://www.ee.iitb.ac.in/web/faculty/homepage/udayan','\"\"'),(1,'Uday Chakkingal','Prof','MM','http://photos.iitm.ac.in/byid.php?id=005005','udaychak@iitm.ac.in','','[u\'aluminium alloys\', u\'severe plastic deformation processes\', u\'metal forming\']','\"\"','http://www.iitm.ac.in/fsportal//iitmsite/fac/005005','\"\"'),(2,'Umesh Bellur','','CS','','umesh@cs.iitb.ac.in','','[u\' Adaptive Service Orientation\', u\' Managing virtualization and server consolidation in Clouds\', u\' Adaptive QoS based routing in DEBN\']','\"\"','http://www.cse.iitb.ac.in/~umesh','\"\"'),(1,'Umesh S','Prof','EE','http://photos.iitm.ac.in/byid.php?id=008362','umeshs@iitm.ac.in','','[u\'\']','\"\"','http://www.iitm.ac.in/fsportal//iitmsite/fac/008362','\"\"'),(1,'Upendra Natarajan','Prof','CH','http://photos.iitm.ac.in/byid.php?id=008353','unatarajan@iitm.ac.in','','[u\'\']','\"\"','http://www.iitm.ac.in/fsportal//iitmsite/fac/008353','\"\"'),(1,'Upasna Sharma','AP','HS','http://photos.iitm.ac.in/byid.php?id=008506','upasna@iitm.ac.in','','[u\'\']','\"\"','http://www.iitm.ac.in/fsportal//iitmsite/fac/008506','\"\"'),(1,'Usha Mohan','ASP','MS','http://photos.iitm.ac.in/byid.php?id=008442','ushamohan@iitm.ac.in','','[u\'Polyheral Combinatorics\', u\'Supply Chain Risk Management\', u\'Optimization\', u\'Quantitative Models in Supply Chain Management\']','\"\"','http://www.iitm.ac.in/fsportal//iitmsite/fac/008442','\"\"'),(1,'Usha R','Prof','MA','http://photos.iitm.ac.in/byid.php?id=001595','ushar@iitm.ac.in','','[u\'\']','\"\"','http://www.iitm.ac.in/fsportal//iitmsite/fac/001595','\"\"'),(1,'Varadaraju U V','Prof','CY','http://photos.iitm.ac.in/byid.php?id=003057','varada@iitm.ac.in','','[u\'\']','\"\"','http://www.iitm.ac.in/fsportal//iitmsite/fac/003057','\"\"'),(2,'Varsha Apte','','CS','','varsha@cs.iitb.ac.in','','[u\' Performance Evaluation of Computer Systems and Networks\']','\"\"','http://www.cse.iitb.ac.in/~varsha','\"\"'),(1,'Vasantha W B','AP','MA','http://photos.iitm.ac.in/byid.php?id=002623','vasantha@iitm.ac.in','','[u\'\']','\"\"','http://www.iitm.ac.in/fsportal//iitmsite/fac/002623','\"\"'),(2,'Juzer M. Vasi','','EE','http://www.ee.iitb.ac.in/web//images/vasi.jpg','vasi@ee.iitb.ac.in','','[u\' Silicon photovoltaic devices\', u\' \nNanocrystal based solar cells\', u\' \nReliability of solar modules\', u\' \nCMOS insulators\', u\' transport in MOS insulators\', u\' characterization of bulk and interface traps in these insulators\', u\' \nFlash memory devices','\"\"','http://www.ee.iitb.ac.in/web/faculty/homepage/vasi','\"\"'),(1,'Babu Viswanathan','Prof','ME','http://photos.iitm.ac.in/byid.php?id=005014','vbabu@iitm.ac.in','','[u\'High performance computing\', u\'Supersonic combustion\', u\'Simulations of flows using lattice Boltzmann method\', u\'Numerical simulations of flows using CFD\', u\'Computational Aeroacoustics\', u\'Simulations of high speed chemically reacting flows and plasma','\"\"','http://www.iitm.ac.in/fsportal//iitmsite/fac/005014','\"\"'),(1,'Balakrishnan V','Prof','PH','http://photos.iitm.ac.in/byid.php?id=e02745','vbalki@iitm.ac.in','','[u\'\']','\"\"','http://www.iitm.ac.in/fsportal//iitmsite/fac/e02745','\"\"'),(1,'Vidya Bhushan Maji','AP','CE','http://photos.iitm.ac.in/byid.php?id=008327','vbmaji@iitm.ac.in','','[u\'Rock Mechanics\', u\'Numerical modelling\']','\"\"','http://www.iitm.ac.in/fsportal//iitmsite/fac/008327','\"\"'),(1,'Venu Chandra','AP','CE','http://photos.iitm.ac.in/byid.php?id=008554','vc@iitm.ac.in','','[u\'\']','\"\"','http://www.iitm.ac.in/fsportal//iitmsite/fac/008554','\"\"'),(1,'Vendhan C P','Prof','OE','http://photos.iitm.ac.in/byid.php?id=e01143','vendhan@iitm.ac.in','','[u\'\']','\"\"','http://www.iitm.ac.in/fsportal//iitmsite/fac/e01143','\"\"'),(1,'Vengadesan S','Prof','AM','http://photos.iitm.ac.in/byid.php?id=008110','vengades@iitm.ac.in','','[u\'Turbulent modelling\', u\'LES and their applications\', u\'CFD\']','\"\"','http://www.iitm.ac.in/fsportal//iitmsite/fac/008110','\"\"'),(1,'Rama Shanker Verma','Prof','BT','http://photos.iitm.ac.in/byid.php?id=008174','vermars@iitm.ac.in','','[u\'Stem Cell Biology, Tissue Regeneration, Immuntoxin, Folate receptor\']','\"\"','http://www.iitm.ac.in/fsportal//iitmsite/fac/008174','\"\"'),(1,'Vetrivel V','Prof','MA','http://photos.iitm.ac.in/byid.php?id=005015','vetri@iitm.ac.in','','[u\'Topics in nonlinear analysis- nonsmooth analysis and applications to nonsmooth optimization\', u\'variational inequality problems\', u\'complementarity problems\', u\'fixed point theory.\']','\"\"','http://www.iitm.ac.in/fsportal//iitmsite/fac/005015','\"\"'),(1,'Ganesan V','Prof','ME','http://photos.iitm.ac.in/byid.php?id=e01142','vganesan@iitm.ac.in','','[u\'\']','\"\"','http://www.iitm.ac.in/fsportal//iitmsite/fac/e01142','\"\"'),(1,'Vignesh MuthuVijayan','AP','BT','http://photos.iitm.ac.in/byid.php?id=008464','vigneshm@iitm.ac.in','','[u\'Biomaterials\', u\'Biocompatibility\', u\'Tissue Engineering\', u\'Drug Delivery\']','\"\"','http://www.iitm.ac.in/fsportal//iitmsite/fac/008464','\"\"'),(1,'Vijayalakshmi V','AP','MS','http://photos.iitm.ac.in/byid.php?id=008494','viji@iitm.ac.in','','[u\'Positive organizational behavior\', u\'Neuro-linguistic programming and transactional analysis\', u\'Group dynamics\', u\'Personality issues in workplace\', u\'Organizational citizenship\', u\'The future  of work\', u\'Humor and work\', u\'Eastern and western approa','\"\"','http://www.iitm.ac.in/fsportal//iitmsite/fac/008494','\"\"'),(1,'Vikram Bhat','AP','ED','http://photos.iitm.ac.in/byid.php?id=ADF018','vikram@iitm.ac.in','','[u\'\']','\"\"','http://www.iitm.ac.in/fsportal//iitmsite/fac/ADF018','\"\"'),(1,'Vinita Vasudevan','Prof','EE','http://photos.iitm.ac.in/byid.php?id=002431','vinita@iitm.ac.in','','[u\'\']','\"\"','http://www.iitm.ac.in/fsportal//iitmsite/fac/002431','\"\"'),(1,'Vinu R','AP','CH','http://photos.iitm.ac.in/byid.php?id=008551','vinu@iitm.ac.in','','[u\'\']','\"\"','http://www.iitm.ac.in/fsportal//iitmsite/fac/008551','\"\"'),(2,'Virendra  Singh','','EE','http://www.ee.iitb.ac.in/web//images/image002.jpg','viren@ee.iitb.ac.in','','[u\' Computer Architecture \nProcessor architecture & micro-architecture \nVLSI Testing \nFault-tolerant computing \nRobust design and architectures \nSelf-healing system design \nSoC/NoC design and test \nPost Silicon Debug \nHigh level synthesis \nFormal verifica','\"\"','http://www.ee.iitb.ac.in/web/faculty/homepage/viren','\"\"'),(1,'Viswanath K','AP','ME','http://photos.iitm.ac.in/byid.php?id=008333','viswanathk@iitm.ac.in','','[u\'\']','\"\"','http://www.iitm.ac.in/fsportal//iitmsite/fac/008333','\"\"'),(1,'Ramamurthy K','Prof','CE','http://photos.iitm.ac.in/byid.php?id=002809','vivek@iitm.ac.in','','[u\'Foam concrete, Aerated Concrete, Lightweight aggregate concrete\', u\'Sustainable Building Technology\', u\'High Performance Masonry\']','\"\"','http://www.iitm.ac.in/fsportal//iitmsite/fac/002809','\"\"'),(1,'Jagadeesh Kumar V','Prof','EE','http://photos.iitm.ac.in/byid.php?id=001617','vjk@iitm.ac.in','','[u\'Measurements\', u\'Instrumentation\', u\'Sensors and signal conditioning electronics for sensors\', u\'Biomedical sensors and devices\']','\"\"','http://www.iitm.ac.in/fsportal//iitmsite/fac/001617','\"\"'),(1,'Kesavan V','ASP','BT','http://photos.iitm.ac.in/byid.php?id=008225','vkesavan@iitm.ac.in','','[u\'Design and synthesis of novel privileged chiral ligands\', u\'Conferring drug-like properties on siRNAs\', u\'Design and synthesis of novel non-hydroxamate ligands against HDACs\', u\'Application of chemistry tools to explore biology\', u\'Increasing the stabi','\"\"','http://www.iitm.ac.in/fsportal//iitmsite/fac/008225','\"\"'),(2,'Vikram M. Gadre','','EE','http://www.ee.iitb.ac.in/web//images/vmgadre.jpg','vmgadre@ee.iitb.ac.in','','[u\' Communication and signal processing\', u\' with emphasis on multiresolution and multirate signal processing\', u\' especially wavelets and filter banks: theory and applications.\']','\"\"','http://www.ee.iitb.ac.in/web/faculty/homepage/vmgadre','\"\"'),(1,'Murthy VRK','Prof','PH','http://photos.iitm.ac.in/byid.php?id=001605','vrkm@iitm.ac.in','','[u\'\']','\"\"','http://www.iitm.ac.in/fsportal//iitmsite/fac/001605','\"\"'),(1,'Muraleedharan V R','Prof','HS','http://photos.iitm.ac.in/byid.php?id=002758','vrm@iitm.ac.in','','[u\'\']','\"\"','http://www.iitm.ac.in/fsportal//iitmsite/fac/002758','\"\"'),(2,'Virendra R. Sule','','EE','http://www.ee.iitb.ac.in/web//images/vrs.jpg','vrs@ee.iitb.ac.in','','[u\' Cryptology: Block and stream ciphers\', u\' efficient arithmetic for public key cryptography\', u\' algebraic cryptanalysis\', u\' \n\nDynamical systems and feedback control theory: Boolean dynamical systems\', u\' design of feedback compensation for high bandw','\"\"','http://www.ee.iitb.ac.in/web/faculty/homepage/vrs','\"\"'),(1,'Sampath V','Prof','MM','http://photos.iitm.ac.in/byid.php?id=002459','vsampath@iitm.ac.in','','[u\'\']','\"\"','http://www.iitm.ac.in/fsportal//iitmsite/fac/002459','\"\"'),(1,'Subramanya Sarma V','ASP','MM','http://photos.iitm.ac.in/byid.php?id=008181','vsarma@iitm.ac.in','','[u\'Materials processing\', u\'Microstructure-mechancial proerties correlations in metals and alloys\', u\'Materials Characterisation\', u\'Materials Development\']','\"\"','http://www.iitm.ac.in/fsportal//iitmsite/fac/008181','\"\"'),(1,'Sankaranarayanan V','Prof','PH','http://photos.iitm.ac.in/byid.php?id=002718','vsn@iitm.ac.in','','[u\'Low Temperature Condensed Matter Physics\', u\'Cryogenics\', u\'Superconductivity\', u\'Magnetism and Magnetic Materials\']','\"\"','http://www.iitm.ac.in/fsportal//iitmsite/fac/002718','\"\"'),(1,'Sundar V','Prof','OE','http://photos.iitm.ac.in/byid.php?id=003053','vsundar@iitm.ac.in','','[u\'\']','\"\"','http://www.iitm.ac.in/fsportal//iitmsite/fac/003053','\"\"'),(1,'Uma V','AP','MA','http://photos.iitm.ac.in/byid.php?id=008243','vuma@iitm.ac.in','','[u\'\']','\"\"','http://www.iitm.ac.in/fsportal//iitmsite/fac/008243','\"\"'),(1,'Raghavendra Sai V V','AP','AM','http://photos.iitm.ac.in/byid.php?id=008493','vvrsai@iitm.ac.in','','[u\'Localized surface plasmon resonance (LSPR) and Surface enhanced Raman Scattering (SERS) phenomena\', u\'Clinical diagnostics and therapeutics using nanomaterials and nano-devices\', u\'Sensors for environmental monitoring and explosive detection\', u\'Fiber ','\"\"','http://www.iitm.ac.in/fsportal//iitmsite/fac/008493','\"\"');
/*!40000 ALTER TABLE `faculty` ENABLE KEYS */;
UNLOCK TABLES;

--
-- Table structure for table `institute`
--

DROP TABLE IF EXISTS `institute`;
/*!40101 SET @saved_cs_client     = @@character_set_client */;
/*!40101 SET character_set_client = utf8 */;
CREATE TABLE `institute` (
  `institute_id` int(5) NOT NULL AUTO_INCREMENT,
  `institute_name` varchar(255) NOT NULL,
  `description` varchar(10000) DEFAULT NULL,
  PRIMARY KEY (`institute_id`)
) ENGINE=InnoDB AUTO_INCREMENT=13 DEFAULT CHARSET=latin1;
/*!40101 SET character_set_client = @saved_cs_client */;

--
-- Dumping data for table `institute`
--

LOCK TABLES `institute` WRITE;
/*!40000 ALTER TABLE `institute` DISABLE KEYS */;
INSERT INTO `institute` VALUES (1,'Indian Institute of Technology Madras','Indian Institute of Technology Madras'),(2,'Indian Institute of Technology Bombay','Indian Institute of Technology Bombay'),(3,'Indian Institute of Technology Guwahati','Indian Institute of Technology Guwahati'),(4,'Indian Institute of Technology Madras','Indian Institute of Technology Madras'),(5,'Indian Institute of Technology Bombay','Indian Institute of Technology Bombay'),(6,'Indian Institute of Technology Guwahati','Indian Institute of Technology Guwahati'),(7,'Indian Institute of Technology Madras','Indian Institute of Technology Madras'),(8,'Indian Institute of Technology Bombay','Indian Institute of Technology Bombay'),(9,'Indian Institute of Technology Guwahati','Indian Institute of Technology Guwahati'),(10,'Indian Institute of Technology Madras','Indian Institute of Technology Madras'),(11,'Indian Institute of Technology Bombay','Indian Institute of Technology Bombay'),(12,'Indian Institute of Technology Guwahati','Indian Institute of Technology Guwahati');
/*!40000 ALTER TABLE `institute` ENABLE KEYS */;
UNLOCK TABLES;
/*!40103 SET TIME_ZONE=@OLD_TIME_ZONE */;

/*!40101 SET SQL_MODE=@OLD_SQL_MODE */;
/*!40014 SET FOREIGN_KEY_CHECKS=@OLD_FOREIGN_KEY_CHECKS */;
/*!40014 SET UNIQUE_CHECKS=@OLD_UNIQUE_CHECKS */;
/*!40101 SET CHARACTER_SET_CLIENT=@OLD_CHARACTER_SET_CLIENT */;
/*!40101 SET CHARACTER_SET_RESULTS=@OLD_CHARACTER_SET_RESULTS */;
/*!40101 SET COLLATION_CONNECTION=@OLD_COLLATION_CONNECTION */;
/*!40111 SET SQL_NOTES=@OLD_SQL_NOTES */;

-- Dump completed on 2013-11-30 17:00:11
